ticker,text,created_at,sentiment_tag,cleaned_text,vader_compound,vader_sentiment
MMM,$MMM Alert set for round 2,2026-08-22 19:58:02+00:00,Neutre,$MMM Alert set for round 2,0.296,Positive
MMM,"$MMM
Price: $178.96 (+0.49%)
Trend: Bullish
Market Bias (7D): Bullish Bias 📈
Expected Range: ±0.28%
RSI: 54.5 | Momentum: Moderate
Volume: -34.0% vs avg
Volatility: 1.38%
Support: $173.52 | Resistance: $184.90

Data and analytics sourced from Thescanner educational research https://www.thescanner.ai",2026-08-21 23:07:02+00:00,Neutre,$MMM Price: $178.96 (+0.49%) Trend: Bullish Market Bias (7D): Bullish Bias 📈 Expected Range: ±0.28% RSI: 54.5 | Momentum: Moderate Volume: -34.0% vs avg Volatility: 1.38% Support: $173.52 | Resistance: $184.90 Data and analytics sourced from Thescanner educational research,0.2263,Positive
MMM,"$MAR $MMM $MNST $BCS $MRSH Marriott benefits from global travel and hotel demand, 3M benefits from industrial and consumer-product activity, Monster Beverage benefits from beverage consumption, Barclays benefits from banking and capital-markets activity, and Marsh McLennan benefits from insurance brokerage and risk-management demand. I&#39;m watching hotel occupancy, industrial volumes, beverage sales, trading activity, and insurance pricing.",2026-08-20 07:31:58+00:00,Neutre,"$MAR $MMM $MNST $BCS $MRSH Marriott benefits from global travel and hotel demand, 3M benefits from industrial and consumer-product activity, Monster Beverage benefits from beverage consumption, Barclays benefits from banking and capital-markets activity, and Marsh McLennan benefits from insurance brokerage and risk-management demand. I&#39;m watching hotel occupancy, industrial volumes, beverage sales, trading activity, and insurance pricing.",0.875,Positive
MMM,$MMM UGLY,2026-08-19 18:54:41+00:00,Neutre,$MMM UGLY,-0.5106,Negative
MMM,$MMM lost the level. Closed +23%,2026-08-19 15:57:25+00:00,Neutre,$MMM lost the level. Closed +23%,-0.3182,Negative
MMM,$MMM watching 182.65. Big block trade from a few days ago.,2026-08-19 13:51:17+00:00,Neutre,$MMM watching 182.65. Big block trade from a few days ago.,-0.4404,Negative
MMM,$MMM | 3M Enters $4.25BLN Revolving Credit Facility,2026-08-19 12:06:18+00:00,Neutre,$MMM | 3M Enters $4.25BLN Revolving Credit Facility,0.3818,Positive
MMM,$MMM,2026-08-18 18:11:12+00:00,Bullish,$MMM,0.0,Neutral
MMM,$MMM adding some September exposure on this pullback.,2026-08-18 18:02:44+00:00,Bullish,$MMM adding some September exposure on this pullback.,0.0,Neutral
MMM,$MMM let her eat,2026-08-18 13:48:04+00:00,Bullish,$MMM let her eat,0.0,Neutral
MMM,"$MMM Wondering if this is already priced in, &quot;3M knew for more than 50 years that its products could harm humans, Australian government alleges in court documents&quot; https://www.theguardian.com/environment/2026/aug/18/3m-knew-for-more-than-50-years-that-its-products-could-harm-humans-australian-government-alleges-in-court-documents",2026-08-17 20:16:04+00:00,Neutre,"$MMM Wondering if this is already priced in, &quot;3M knew for more than 50 years that its products could harm humans, Australian government alleges in court documents&quot;",-0.5423,Negative
MMM,$MMM wants to eat,2026-08-17 14:05:52+00:00,Bullish,$MMM wants to eat,0.0,Neutral
MMM,"$MMM — sold today, Momentum Alignment flipped to sell. Small loss, nothing dramatic. 
 
Honestly not sure if I pulled the trigger too early here — trend signal said get out, but I keep wondering if I&#39;m exiting too quickly once momentum turns. Too early, or the right call? Curious what others think.",2026-08-13 18:22:54+00:00,Bearish,"$MMM — sold today, Momentum Alignment flipped to sell. Small loss, nothing dramatic. Honestly not sure if I pulled the trigger too early here — trend signal said get out, but I keep wondering if I&#39;m exiting too quickly once momentum turns. Too early, or the right call? Curious what others think.",0.0204,Neutral
MMM,"Wall St is expecting 2.39 EPS for $MMM Q3 [Reporting 10/27 BMO]
http://www.estimize.com/intro/mmm?chart=historical&amp;metric_name=eps&amp;utm_cont",2026-08-12 13:51:21+00:00,Neutre,Wall St is expecting 2.39 EPS for $MMM Q3 [Reporting 10/27 BMO],0.0,Neutral
MMM,"How Every Dow Jones Stock Has Performed in 2026 📊 
（Part 3） 
More of the Dow’s winners so far this year: 
$NVDA +20.1% 🟢 
$AMZN +18.9% 🟢 
$GS +18.3% 🟢 
$AAPL +15.3% 🟢 
$MMM +14.2% 🟢 
 
What stands out to me is the breadth here.  
Tech, financials and industrials are all contributing, which is usually more interesting than a rally carried by just one corner of the market. 
 
I’m watching the next group for signs of where the strongest momentum is moving. 
 
The next market update is coming.  
Turn on notifications if you want to follow the moves in real time.",2026-08-09 15:32:05+00:00,Neutre,"How Every Dow Jones Stock Has Performed in 2026 📊 （Part 3） More of the Dow’s winners so far this year: $NVDA +20.1% 🟢 $AMZN +18.9% 🟢 $GS +18.3% 🟢 $AAPL +15.3% 🟢 $MMM +14.2% 🟢 What stands out to me is the breadth here. Tech, financials and industrials are all contributing, which is usually more interesting than a rally carried by just one corner of the market. I’m watching the next group for signs of where the strongest momentum is moving. The next market update is coming. Turn on notifications if you want to follow the moves in real time.",0.8516,Positive
MMM,"5 Trade Ideas for Monday: Alcoa, Adobe, Corning, LPL and 3M https://dragonflycap.com/5-trade-ideas-for-monday-alcoa-adobe-corning-lpl-and-3m/ $AA $ADBE $GLW $LPLA $MMM",2026-08-09 14:48:44+00:00,Neutre,"5 Trade Ideas for Monday: Alcoa, Adobe, Corning, LPL and 3M $AA $ADBE $GLW $LPLA $MMM",0.0,Neutral
MMM,$MMM it’s looking like a near term pullback in $MMM 📉,2026-08-06 10:34:00+00:00,Neutre,$MMM it’s looking like a near term pullback in $MMM 📉,0.3612,Positive
MMM,"Notable Options Flow Alert  
 
Large ask-side call activity spotted: 
 
$NFLX 
- 80C 11/20 Exp 
- ~$6M premium @ 4.19 avg 
 
$FCX 
- 85C 11/20 Exp 
- ~$1.4M premium @ 2.56 avg 
 
$MMM 
- 190C 9/18 Exp 
-~$2.29M premium @ 2.96 avg 
 
$CRWV 
- 110C 8/14 Exp 
- ~$1M premium @ 3.21 avg 
 
$MRK 
- 145C 9/18 Exp 
- ~$930K premium @ 0.76 avg 
 
Big money continues positioning in select names. Keeping these unusual flows on watch for potential momentum moves.",2026-08-05 15:45:32+00:00,Neutre,Notable Options Flow Alert Large ask-side call activity spotted: $NFLX - 80C 11/20 Exp - ~$6M premium @ 4.19 avg $FCX - 85C 11/20 Exp - ~$1.4M premium @ 2.56 avg $MMM - 190C 9/18 Exp -~$2.29M premium @ 2.96 avg $CRWV - 110C 8/14 Exp - ~$1M premium @ 3.21 avg $MRK - 145C 9/18 Exp - ~$930K premium @ 0.76 avg Big money continues positioning in select names. Keeping these unusual flows on watch for potential momentum moves.,0.296,Positive
MMM,"$MMM $JCI $EQNR $UPS $MNST 3M focuses on industrial innovation, Johnson Controls benefits from smart building demand, Equinor balances oil and renewables, UPS remains a logistics leader, and Monster Beverage continues expanding globally.",2026-08-05 06:41:49+00:00,Neutre,"$MMM $JCI $EQNR $UPS $MNST 3M focuses on industrial innovation, Johnson Controls benefits from smart building demand, Equinor balances oil and renewables, UPS remains a logistics leader, and Monster Beverage continues expanding globally.",0.7506,Positive
MMM,$MMM Nice technical pullback after good ER. Big C&amp;H forming looking back at the 5 yr.,2026-07-31 18:37:05+00:00,Neutre,$MMM Nice technical pullback after good ER. Big C&amp;H forming looking back at the 5 yr.,0.6908,Positive
MMM,$MMM 185,2026-07-30 16:33:21+00:00,Bullish,$MMM 185,0.0,Neutral
MMM,"$MMM &amp; $NOC Earning Play Trade Setup 
 
Watch the video to learn how to trade this repeatable pattern 🎯 
 
https://x.com/TENETTRADEGROUP/status/2082617291989189116?s=20",2026-07-30 00:02:31+00:00,Neutre,$MMM &amp; $NOC Earning Play Trade Setup Watch the video to learn how to trade this repeatable pattern 🎯,0.34,Positive
MMM,$MMM bought up,2026-07-29 13:48:55+00:00,Neutre,$MMM bought up,0.0,Neutral
MMM,"Wall St is expecting 2.38 EPS for $MMM Q3 [Reporting 10/27 BMO]
http://www.estimize.com/intro/mmm?chart=historical&amp;metric_name=eps&amp;utm_cont",2026-07-29 11:09:23+00:00,Neutre,Wall St is expecting 2.38 EPS for $MMM Q3 [Reporting 10/27 BMO],0.0,Neutral
MMM,"$MMM
Share Price: $182.46

Contract Selected: Aug 21, 2026 $180 Calls

Buy Zone: $4.63 – $5.72
Target Zone: $7.63 – $9.32
Potential Upside: 56% ROI

Time to Expiration: 23 Days | Updates via https://fxcapta.com/stockinfo/",2026-07-29 05:17:06+00:00,Neutre,"$MMM Share Price: $182.46 Contract Selected: Aug 21, 2026 $180 Calls Buy Zone: $4.63 – $5.72 Target Zone: $7.63 – $9.32 Potential Upside: 56% ROI Time to Expiration: 23 Days | Updates via",0.296,Positive
MMM,$MMM pull back levels --,2026-07-29 00:08:01+00:00,Neutre,$MMM pull back levels --,0.0,Neutral
MMM,$MMM excellent! 😄,2026-07-28 16:09:43+00:00,Neutre,$MMM excellent! 😄,0.6114,Positive
MMM,$HNGE $OSCR $MMM and $GM feels like a balanced portfolio to me.,2026-07-28 16:03:09+00:00,Neutre,$HNGE $OSCR $MMM and $GM feels like a balanced portfolio to me.,0.3612,Positive
MMM,$MMM new market leader,2026-07-28 15:54:54+00:00,Bullish,$MMM new market leader,0.0,Neutral
MMM,$MMM J.P.Morgan raises target price to $205 from $180,2026-07-28 14:57:27+00:00,Neutre,$MMM J.P.Morgan raises target price to $205 from $180,0.0,Neutral
AOS,"Wall St is expecting 0.90 EPS for $AOS Q3 [Reporting 10/22 BMO]
http://www.estimize.com/intro/aos?chart=historical&amp;metric_name=eps&amp;utm_cont",2026-08-24 13:15:23+00:00,Neutre,Wall St is expecting 0.90 EPS for $AOS Q3 [Reporting 10/22 BMO],0.0,Neutral
AOS,@topstockalerts $AOS,2026-08-19 17:23:39+00:00,Neutre,$AOS,0.0,Neutral
AOS,$AOS give us that 72 back i saw 8n the pre market!!,2026-08-11 13:38:13+00:00,Bullish,$AOS give us that 72 back i saw 8n the pre market!!,0.0,Neutral
AOS,$AOS lemme see 65 today ✔️,2026-08-06 13:12:47+00:00,Bullish,$AOS lemme see 65 today ✔️,0.0,Neutral
AOS,$AOS undervalued?,2026-08-01 15:08:35+00:00,Bullish,$AOS undervalued?,0.0,Neutral
AOS,$AOS give us good forward guidance in china kevin! Thanks,2026-07-30 14:07:52+00:00,Bullish,$AOS give us good forward guidance in china kevin! Thanks,0.7263,Positive
AOS,"$AOS Q2 &#39;26 Earnings Results &amp; Recap

• Reported GAAP EPS of $0.91 down -14.95% YoY
• Reported revenue of $1B down -0.69% YoY
• A. O. Smith Corporation updated its 2026 full-year outlook to sales growth of 2% to 3%, diluted EPS of $3.60 to $3.75, and adjusted EPS of $3.70 to $3.85 per share.",2026-07-30 11:04:43+00:00,Neutre,"$AOS Q2 &#39;26 Earnings Results &amp; Recap • Reported GAAP EPS of $0.91 down -14.95% YoY • Reported revenue of $1B down -0.69% YoY • A. O. Smith Corporation updated its 2026 full-year outlook to sales growth of 2% to 3%, diluted EPS of $3.60 to $3.75, and adjusted EPS of $3.70 to $3.85 per share.",0.5859,Positive
AOS,$AOS strength 💪 in turbulence,2026-07-23 13:49:19+00:00,Bullish,$AOS strength 💪 in turbulence,0.4939,Positive
AOS,"$AOS $SPYM $O  
 
Small adds to the mix 
 
Nothing fancy",2026-07-17 19:20:11+00:00,Neutre,$AOS $SPYM $O Small adds to the mix Nothing fancy,0.0,Neutral
AOS,$AOS 63 close today,2026-07-07 14:31:16+00:00,Neutre,$AOS 63 close today,0.0,Neutral
AOS,"$AOS  
A.O. Smith (AOS) Stock Analysis 
AOS has paid a dividend every year since 1940 and increased its dividend for 33 consecutive years. Its focus on energy-efficient and water-saving technologies aligns with global trends toward sustainability, offering long-term growth potential. For investors seeking a stable industrial company with defensive characteristics and a commitment to capital returns, AOS may be a compelling choice. 
Is the stock price a buy, sell or hold? 
 
What is the Intrinsic Value of A.O. Smith (AOS)? 
https://dividendvaluebuilder.com/ao-smith-aos-dividend-stock-analysis/",2026-07-06 18:19:05+00:00,Neutre,"$AOS A.O. Smith (AOS) Stock Analysis AOS has paid a dividend every year since 1940 and increased its dividend for 33 consecutive years. Its focus on energy-efficient and water-saving technologies aligns with global trends toward sustainability, offering long-term growth potential. For investors seeking a stable industrial company with defensive characteristics and a commitment to capital returns, AOS may be a compelling choice. Is the stock price a buy, sell or hold? What is the Intrinsic Value of A.O. Smith (AOS)?",0.9054,Positive
AOS,"Wall St is expecting 0.97 EPS for $AOS Q2 [Reporting 07/23 BMO]
http://www.estimize.com/intro/aos?chart=historical&amp;metric_name=eps&amp;utm_cont",2026-07-02 22:06:37+00:00,Neutre,Wall St is expecting 0.97 EPS for $AOS Q2 [Reporting 07/23 BMO],0.0,Neutral
AOS,$AOS attractive value?,2026-06-26 20:58:13+00:00,Bullish,$AOS attractive value?,0.6486,Positive
AOS,$AOS this is acting like a hedge on the ai market,2026-06-25 13:11:24+00:00,Bullish,$AOS this is acting like a hedge on the ai market,0.3612,Positive
AOS,"Wall St is expecting 0.97 EPS for $AOS Q2 [Reporting 07/23 BMO]
http://www.estimize.com/intro/aos?chart=historical&amp;metric_name=eps&amp;utm_cont",2026-06-24 10:06:23+00:00,Neutre,Wall St is expecting 0.97 EPS for $AOS Q2 [Reporting 07/23 BMO],0.0,Neutral
AOS,$AOS - looks like a market reversal is approaching. Adding more here for safe harbor for what appears to be undervalued as is. Will add more if there is a dip. Always nice having dry powder for days like this and for what’s upcoming.,2026-06-23 06:51:01+00:00,Bullish,$AOS - looks like a market reversal is approaching. Adding more here for safe harbor for what appears to be undervalued as is. Will add more if there is a dip. Always nice having dry powder for days like this and for what’s upcoming.,0.8739,Positive
AOS,$AOS cheap seats selling out boys!,2026-06-16 14:08:48+00:00,Bullish,$AOS cheap seats selling out boys!,0.0,Neutral
AOS,Sold $AOS $177 dollar profit.,2026-06-15 13:50:12+00:00,Bullish,Sold $AOS $177 dollar profit.,0.4404,Positive
AOS,$AOS  Bullish Chart Pattern (Double Bottom),2026-06-10 12:54:29+00:00,Bullish,$AOS Bullish Chart Pattern (Double Bottom),0.0,Neutral
AOS,In $AOS 58.52 83 making turn around back up way undervalued.,2026-06-09 14:05:16+00:00,Bullish,In $AOS 58.52 83 making turn around back up way undervalued.,0.0,Neutral
AOS,$AOS solid business?,2026-06-06 01:54:23+00:00,Bullish,$AOS solid business?,0.1531,Positive
AOS,"$AOS holding up nice, compared to the market this morning",2026-06-05 14:04:10+00:00,Bullish,"$AOS holding up nice, compared to the market this morning",0.4215,Positive
AOS,$AOS i have buys scattered below 57,2026-05-29 14:10:54+00:00,Bearish,$AOS i have buys scattered below 57,0.0,Neutral
AOS,"Is $AOS a value trap at current levels? 🛠️ The water heating business is a durable moat, but the residential housing slowdown is a persistent headwind. We are watching for the company to prove its pricing power can offset volume declines. Until the technical trend flips, the &quot;premium&quot; valuation remains at risk of further compression. 💎 
 
🐂 Bulls: Look for a base formation around 58.00 before even considering a long setup 
🐻 Bears: The trend remains downward; keep watching for lower lows as housing data cools 
 
📊 Lean BEARISH. 
#AOS #Construction #StockMarket #hovdid",2026-05-23 18:31:26+00:00,Neutre,"Is $AOS a value trap at current levels? 🛠️ The water heating business is a durable moat, but the residential housing slowdown is a persistent headwind. We are watching for the company to prove its pricing power can offset volume declines. Until the technical trend flips, the &quot;premium&quot; valuation remains at risk of further compression. 💎 🐂 Bulls: Look for a base formation around 58.00 before even considering a long setup 🐻 Bears: The trend remains downward; keep watching for lower lows as housing data cools 📊 Lean BEARISH. #AOS #Construction #StockMarket #hovdid",-0.765,Negative
AOS,$AOS double bags?,2026-05-22 02:07:31+00:00,Bullish,$AOS double bags?,0.0,Neutral
AOS,$AOS one of the few stocks I’m seeing in the market that’s on sale. I’m about to take a position!,2026-05-20 15:12:01+00:00,Neutre,$AOS one of the few stocks I’m seeing in the market that’s on sale. I’m about to take a position!,0.0,Neutral
AOS,$AOS Chinese real-estate stock $hkex rated a strong buy! Bullish for aos,2026-05-19 14:47:40+00:00,Neutre,$AOS Chinese real-estate stock $hkex rated a strong buy! Bullish for aos,0.5562,Positive
AOS,"Wall St is expecting 0.98 EPS for $AOS Q2 [Reporting 07/23 BMO]
http://www.estimize.com/intro/aos?chart=historical&amp;metric_name=eps&amp;utm_cont",2026-05-14 22:23:50+00:00,Neutre,Wall St is expecting 0.98 EPS for $AOS Q2 [Reporting 07/23 BMO],0.0,Neutral
AOS,$AOS trump and Xi said &quot; lets open up the china economy&quot;,2026-05-14 15:43:11+00:00,Bullish,$AOS trump and Xi said &quot; lets open up the china economy&quot;,0.0,Neutral
AOS,$AOS wheres the damn bottom?,2026-05-13 14:41:01+00:00,Neutre,$AOS wheres the damn bottom?,-0.4019,Negative
ABT,"$ABT
Price: $116.64 (+2.19%)
Trend: Bearish
Market Bias (7D): Bearish Bias 📉
Expected Range: ±0.73%
RSI: 80.7 | Momentum: Moderate
Volume: +15.8% vs avg
Volatility: 1.27%
Support: $102.89 | Resistance: $116.66

Data and analytics sourced from Thescanner educational research https://www.thescanner.ai",2026-08-22 01:49:03+00:00,Neutre,$ABT Price: $116.64 (+2.19%) Trend: Bearish Market Bias (7D): Bearish Bias 📉 Expected Range: ±0.73% RSI: 80.7 | Momentum: Moderate Volume: +15.8% vs avg Volatility: 1.27% Support: $102.89 | Resistance: $116.66 Data and analytics sourced from Thescanner educational research,0.2263,Positive
ABT,$ABT $XLV $SPY,2026-08-21 19:30:28+00:00,Neutre,$ABT $XLV $SPY,0.0,Neutral
ABT,"$ABT 
March 31st - Abbott and other investors fund $575 million in WHOOP at $10.1B valuation 

August 18th - WHOOP partners with Grail, adding Galleri screening test for their members

🤔",2026-08-21 14:52:57+00:00,Neutre,"$ABT March 31st - Abbott and other investors fund $575 million in WHOOP at $10.1B valuation August 18th - WHOOP partners with Grail, adding Galleri screening test for their members 🤔",0.0,Neutral
ABT,$ABT settlement is great news. It’s been an overhang for the last 5 years…,2026-08-21 12:42:03+00:00,Bullish,$ABT settlement is great news. It’s been an overhang for the last 5 years…,0.6249,Positive
ABT,$ABT No pullback? I need to cover my short calls. 😠,2026-08-21 04:25:13+00:00,Bullish,$ABT No pullback? I need to cover my short calls. 😠,-0.296,Negative
ABT,"Wall St is expecting 1.42 EPS for $ABT Q3 [Reporting 10/21 BMO]
http://www.estimize.com/intro/abt?chart=historical&amp;metric_name=eps&amp;utm_cont",2026-08-20 14:18:14+00:00,Neutre,Wall St is expecting 1.42 EPS for $ABT Q3 [Reporting 10/21 BMO],0.0,Neutral
ABT,"$TTE $ABT $TD $TMUS $PEP TotalEnergies remains leveraged to global energy markets, Abbott benefits from healthcare and diagnostics demand, TD Bank benefits from financial activity, T-Mobile benefits from wireless subscriber growth, and PepsiCo benefits from resilient consumer demand. I&#39;m watching energy prices, medical-device demand, credit conditions, subscriber growth, and volumes.",2026-08-20 07:29:12+00:00,Neutre,"$TTE $ABT $TD $TMUS $PEP TotalEnergies remains leveraged to global energy markets, Abbott benefits from healthcare and diagnostics demand, TD Bank benefits from financial activity, T-Mobile benefits from wireless subscriber growth, and PepsiCo benefits from resilient consumer demand. I&#39;m watching energy prices, medical-device demand, credit conditions, subscriber growth, and volumes.",0.9509,Positive
ABT,"Abbott Laboratories has agreed to settle its appeal of a $495 million verdict involving its specialized formula for premature infants, according to court filings in Missouri. The settlement terms were not disclosed. 
In 2024, a St. Louis jury found that Abbott’s infant formula contributed to an Illinois girl developing necrotizing enterocolitis (NEC), a serious intestinal disease primarily affecting premature newborns. Abbott had challenged the verdict before the Missouri Supreme Court after a state appeals court upheld it in May. 
About 1,000 similar lawsuits have been filed against Abbott, which makes Similac, and Mead Johnson, a Reckitt unit that produces Enfamil. More than 800 cases are consolidated in federal court in Illinois, with additional cases pending in Illinois, Missouri and Pennsylvania. 
NEC causes intestinal tissue death and has an estimated mortality rate above 20%.  
$ABT",2026-08-19 20:48:24+00:00,Neutre,"Abbott Laboratories has agreed to settle its appeal of a $495 million verdict involving its specialized formula for premature infants, according to court filings in Missouri. The settlement terms were not disclosed. In 2024, a St. Louis jury found that Abbott’s infant formula contributed to an Illinois girl developing necrotizing enterocolitis (NEC), a serious intestinal disease primarily affecting premature newborns. Abbott had challenged the verdict before the Missouri Supreme Court after a state appeals court upheld it in May. About 1,000 similar lawsuits have been filed against Abbott, which makes Similac, and Mead Johnson, a Reckitt unit that produces Enfamil. More than 800 cases are consolidated in federal court in Illinois, with additional cases pending in Illinois, Missouri and Pennsylvania. NEC causes intestinal tissue death and has an estimated mortality rate above 20%. $ABT",0.1779,Positive
ABT,$ABT nice chart,2026-08-18 20:24:33+00:00,Bullish,$ABT nice chart,0.4215,Positive
ABT,"$ABT happy belated dividend day to all (from yesterday...) - going to keep reinvesting mine &amp; let it continue to add more shares &amp; compound, as we grind our way to 160+ in the coming years 🥂",2026-08-18 15:00:11+00:00,Bullish,"$ABT happy belated dividend day to all (from yesterday...) - going to keep reinvesting mine &amp; let it continue to add more shares &amp; compound, as we grind our way to 160+ in the coming years 🥂",0.7346,Positive
ABT,"$ABT Abbott Laboratories (NYSE: ABT) is gaining attention with FreeStyle Libre, diagnostics, nutrition and cancer screening exposure. Here’s why ABT stock could have more room to run. https://biotechhealthx.com/biotech-news/what-makes-abbott-laboratories-abt-a-smart-buy-and-hold-investment/",2026-08-15 17:34:00+00:00,Neutre,"$ABT Abbott Laboratories (NYSE: ABT) is gaining attention with FreeStyle Libre, diagnostics, nutrition and cancer screening exposure. Here’s why ABT stock could have more room to run.",-0.2263,Negative
ABT,$ABT That was it. Easy one,2026-08-14 06:45:13+00:00,Neutre,$ABT That was it. Easy one,0.4404,Positive
ABT,$ABT $DXCM $PODD $SENS $TNDM,2026-08-14 01:25:29+00:00,Neutre,$ABT $DXCM $PODD $SENS $TNDM,0.0,Neutral
ABT,$SENS $DXCM $ABT $TNDM $PODD https://lnkd.in/p/gUqQAkEB,2026-08-14 01:13:35+00:00,Neutre,$SENS $DXCM $ABT $TNDM $PODD,0.0,Neutral
ABT,"Jim Cramer&#39;s top 10 things to watch in the stock market Thursday
$abt

A lot of love for Abbott. Wolfe Research upgraded the stock to buy from hold, pointing to organic growth improvements and a potential re-rating of shares. Citi raised its price target to $125 from $112. Analysts are more upbeat on medtech after earnings. 2027 estimates for the group seem to be at more reasonable levels. We thankfully exited Abbott last fall, avoiding what had been a rough 2026. Johnson &amp; Johnson gives us medtech exposure now. Need it lower before we buy any more. https://www.cnbc.com/2026/08/13/jim-cramers-top-10-things-to-watch-in-the-stock-market-thursday.html?__source=iosappshare%7Ccom.stocktwits.StockTwits.STShareExtension",2026-08-14 00:21:37+00:00,Neutre,"Jim Cramer&#39;s top 10 things to watch in the stock market Thursday $abt A lot of love for Abbott. Wolfe Research upgraded the stock to buy from hold, pointing to organic growth improvements and a potential re-rating of shares. Citi raised its price target to $125 from $112. Analysts are more upbeat on medtech after earnings. 2027 estimates for the group seem to be at more reasonable levels. We thankfully exited Abbott last fall, avoiding what had been a rough 2026. Johnson &amp; Johnson gives us medtech exposure now. Need it lower before we buy any more.",0.8834,Positive
ABT,$ABT pretty sure dividend payments are tomorrow,2026-08-13 17:37:36+00:00,Neutre,$ABT pretty sure dividend payments are tomorrow,0.6705,Positive
ABT,$ABT Come down to 105 so I can close my hedge.,2026-08-13 17:37:22+00:00,Neutre,$ABT Come down to 105 so I can close my hedge.,0.0,Neutral
ABT,"$ABT this thing has traded sideways and consolidated for 5 years straight, despite beating guidance multiple times and revenue and profit growth. Will be trading at $200 as soon as Exact sciences dilution falls off in early 2027.",2026-08-13 14:44:44+00:00,Bullish,"$ABT this thing has traded sideways and consolidated for 5 years straight, despite beating guidance multiple times and revenue and profit growth. Will be trading at $200 as soon as Exact sciences dilution falls off in early 2027.",0.8351,Positive
ABT,"$ABT higher highs &amp; higher lows.   $120+ is in play for us in the coming weeks, &amp; we can&#39;t discount the possibility of $130+ by year-end, pending the outcome with the next round of earnings that will be reported in November.  🥂",2026-08-13 14:42:54+00:00,Bullish,"$ABT higher highs &amp; higher lows. $120+ is in play for us in the coming weeks, &amp; we can&#39;t discount the possibility of $130+ by year-end, pending the outcome with the next round of earnings that will be reported in November. 🥂",0.1531,Positive
ABT,"Wall St is expecting 1.42 EPS for $ABT Q3 [Reporting 10/21 BMO]
http://www.estimize.com/intro/abt?chart=historical&amp;metric_name=eps&amp;utm_cont",2026-08-13 13:48:26+00:00,Neutre,Wall St is expecting 1.42 EPS for $ABT Q3 [Reporting 10/21 BMO],0.0,Neutral
ABT,"Thursday’s biggest analyst calls:

Citi reiterates SpaceX as buy

Bank of America reiterates MongoDB as buy

Wolfe upgrades AbbVie to outperform from peer perform

Wolfe upgrades Abbott Labs to outperform from peer perform

JPMorgan resumes Salesforce at overweight

$SPX $MDB $ABBV $ABT $CRM",2026-08-13 13:09:43+00:00,Neutre,Thursday’s biggest analyst calls: Citi reiterates SpaceX as buy Bank of America reiterates MongoDB as buy Wolfe upgrades AbbVie to outperform from peer perform Wolfe upgrades Abbott Labs to outperform from peer perform JPMorgan resumes Salesforce at overweight $SPX $MDB $ABBV $ABT $CRM,-0.3612,Negative
ABT,"$SENS Part 1: An interesting perspective from a diabetes industry veteran!

I recently exchanged views with David Kliff, who has followed the diabetes industry for more than 30 years.

Despite the encouraging Q2 numbers from Senseonics, he remains convinced that $SENS will never become a serious threat to $DXCM or $ABT.

Why? 👇",2026-08-12 16:53:32+00:00,Neutre,"$SENS Part 1: An interesting perspective from a diabetes industry veteran! I recently exchanged views with David Kliff, who has followed the diabetes industry for more than 30 years. Despite the encouraging Q2 numbers from Senseonics, he remains convinced that $SENS will never become a serious threat to $DXCM or $ABT. Why? 👇",0.7108,Positive
ABT,"Abbott Laboratories $ABT (8h) 
 
Bullish Flow: Direct opening sweeps are repeatedly hitting October $110 Calls (2,764 OI), aggressively absorbing ask liquidity as spot price trends higher near $108.80. Institutional buyers are treating the post-earnings breakout as  prime accumulation vehicle  gross margins expand 100 bps to 58% and $2.1B in quarterly capital returnconfirms elite balance sheet execution. 🐂 💧 
 
Bull Key Level: $114.80 (Bull confirmation to clear primary upper wick friction and unlock explosive trend expansion) 🐂 🔥 
 
Bear Key Level: $93.50 (Absolute structural breakdown defense level and lower volume shelf) 🐻 ⚠️ 
 
Targets: $122.00 / $130.00 💰 🍺 
 
Why: Price action has cleared its primary 8-hour moving average ribbon and turned sharply higher with expanding green volume bars. The RSI indicator is holding firmly above 60 out of oversold territory, signaling buyers maintain complete structural control over the baseline. 
 
#abt |  #hovdid",2026-08-11 23:40:51+00:00,Neutre,"Abbott Laboratories $ABT (8h) Bullish Flow: Direct opening sweeps are repeatedly hitting October $110 Calls (2,764 OI), aggressively absorbing ask liquidity as spot price trends higher near $108.80. Institutional buyers are treating the post-earnings breakout as prime accumulation vehicle gross margins expand 100 bps to 58% and $2.1B in quarterly capital returnconfirms elite balance sheet execution. 🐂 💧 Bull Key Level: $114.80 (Bull confirmation to clear primary upper wick friction and unlock explosive trend expansion) 🐂 🔥 Bear Key Level: $93.50 (Absolute structural breakdown defense level and lower volume shelf) 🐻 ⚠️ Targets: $122.00 / $130.00 💰 🍺 Why: Price action has cleared its primary 8-hour moving average ribbon and turned sharply higher with expanding green volume bars. The RSI indicator is holding firmly above 60 out of oversold territory, signaling buyers maintain complete structural control over the baseline. #abt | #hovdid",-0.2023,Negative
ABT,"$MS $PM $GS $ABT $BX .
..",2026-08-11 15:09:21+00:00,Neutre,$MS $PM $GS $ABT $BX . ..,0.0,Neutral
ABT,$ABT $GOOGL  partnership with AI and Glucose data to give people health insights,2026-08-11 13:15:49+00:00,Bullish,$ABT $GOOGL partnership with AI and Glucose data to give people health insights,0.0,Neutral
ABT,$BSX what if Bsx $JNJ or $ABT merged or bought out bsx?,2026-08-10 02:29:46+00:00,Neutre,$BSX what if Bsx $JNJ or $ABT merged or bought out bsx?,0.0,Neutral
ABT,"$SENS $DXCM $ABT  
 
Remember when we called the play years ago? This one alone deserves a “follow”.",2026-08-09 16:27:14+00:00,Bullish,$SENS $DXCM $ABT Remember when we called the play years ago? This one alone deserves a “follow”.,0.1027,Positive
ABT,$ABT Should be back at $130,2026-08-09 03:27:50+00:00,Neutre,$ABT Should be back at $130,0.0,Neutral
ABT,"$GILD $ABT $DHR $LLY $MRK Analysts see meaningful upside in several top healthcare stocks for 2026, with one biotech leader offering nearly 30% implied upside based on the analyst target and supplied market price. https://biotechhealthx.com/biotech-news/top-5-healthcare-stocks-to-buy-with-1000-in-2026/",2026-08-09 02:47:08+00:00,Neutre,"$GILD $ABT $DHR $LLY $MRK Analysts see meaningful upside in several top healthcare stocks for 2026, with one biotech leader offering nearly 30% implied upside based on the analyst target and supplied market price.",0.4767,Positive
ABT,$ABT will up trend last?,2026-08-08 16:53:32+00:00,Bullish,$ABT will up trend last?,0.0,Neutral
ABBV,"$RGNX $OTLK  
Who might have a higher market cap than the other by September 1, 2027? $ABBV $JNJ",2026-08-24 17:07:42+00:00,Bullish,"$RGNX $OTLK Who might have a higher market cap than the other by September 1, 2027? $ABBV $JNJ",0.0,Neutral
ABBV,@rando321456 $ABBV cannot be impressed with Curran Simpson,2026-08-24 15:04:40+00:00,Neutre,$ABBV cannot be impressed with Curran Simpson,-0.3724,Negative
ABBV,"$PROK  Nice Accumulation going on with this stock. Buy and Hold. 
 Here is More educational info on Prok.  This is a big deal! 
Government savings would be huge. 
National Kidney Foundation indicates Medicare actually spends $130 Bilion--moe then 24% of total spending on kidney disease. 
https://www.kidney.org/take-action/advocate/legislative-priorities/federal-investment 
J.P. Morgan conference--Phase 2 complete. 78% response rate with kidney stabilization. This is an Autologous treatment, using the patients own kidney cells. 
Alligned with FDA for Accelerated approval. 
Phase 3 on board. 
https://investors.prokidney.com/static-files/9159cbbe-5e36-468c-9c58-f3b3cc4fc428 
 
$MRNA, $RHHBY, $LLY, $ABBV",2026-08-24 13:06:52+00:00,Bullish,"$PROK Nice Accumulation going on with this stock. Buy and Hold. Here is More educational info on Prok. This is a big deal! Government savings would be huge. National Kidney Foundation indicates Medicare actually spends $130 Bilion--moe then 24% of total spending on kidney disease. J.P. Morgan conference--Phase 2 complete. 78% response rate with kidney stabilization. This is an Autologous treatment, using the patients own kidney cells. Alligned with FDA for Accelerated approval. Phase 3 on board. $MRNA, $RHHBY, $LLY, $ABBV",0.8172,Positive
ABBV,4 Trade Ideas for AbbVie: Bonus Idea $ABBV https://dragonflycap.com/4-trade-ideas-for-abbvie-bonus-idea-8/,2026-08-24 12:37:09+00:00,Neutre,4 Trade Ideas for AbbVie: Bonus Idea $ABBV,0.5423,Positive
ABBV,"$SLS Onureg / Oral Az is the (BAT) Best Available Treatment for AML Patients in First Remission, who are ineligible for Transplant - MOS 24.7 months. 
GPs Phase 2 MOS was not reached and was GREATER THAN &gt; 67.6 months in the same Exact First Remission Transplant Ineligible Setting. 
 
GPs MOS &gt; 67.6 months / Control arm BAT Onureg 24.7  
It is not complicated / OCCAMS Razor  
 
$ABBV conducted 3 Phase 3 trials combining Onureg with Venetoclax ... Aza+VEN - 3 Phase 3 Trials that FAILED - including the VIALE-M Ph3 Trial for Patients in First Remission Ineligible for Transplant - VIALE-M Failed  
Aza+VEN (BAT for the SLS P3 Control Arm FAILED ) 
- VIALE-T Failed -VERONA Failed OPTiAML FAILED",2026-08-24 06:06:36+00:00,Neutre,"$SLS Onureg / Oral Az is the (BAT) Best Available Treatment for AML Patients in First Remission, who are ineligible for Transplant - MOS 24.7 months. GPs Phase 2 MOS was not reached and was GREATER THAN &gt; 67.6 months in the same Exact First Remission Transplant Ineligible Setting. GPs MOS &gt; 67.6 months / Control arm BAT Onureg 24.7 It is not complicated / OCCAMS Razor $ABBV conducted 3 Phase 3 trials combining Onureg with Venetoclax ... Aza+VEN - 3 Phase 3 Trials that FAILED - including the VIALE-M Ph3 Trial for Patients in First Remission Ineligible for Transplant - VIALE-M Failed Aza+VEN (BAT for the SLS P3 Control Arm FAILED ) - VIALE-T Failed -VERONA Failed OPTiAML FAILED",-0.8667,Negative
ABBV,$ABBV,2026-08-24 04:42:26+00:00,Bullish,$ABBV,0.0,Neutral
ABBV,"$ABBV Abbvie stock, watch for a top of range breakout at https://www.stockconsultant.com/?ABBV",2026-08-24 03:11:20+00:00,Neutre,"$ABBV Abbvie stock, watch for a top of range breakout at",0.2023,Positive
ABBV,"$SLS $MRNA $MRK pardon the typo -- .636 HR per the SAP -- and GPs gets the Fda green light. 
 
.636 Equates to a GPS MOS of 12.6 months vs ~8 with BAT for Control 
 
GPS Phase 3 Results are coming in close to 34/36 Months / w BAT in at ~ 8/10 ... 
 
Modern BAT / Aza+VEN recently Failed 3 Large Phase 3 Trials Conducted by $ABBV - including 2 for For AML Remission Maintenance. 
VIALE-M First Remissioin Maintenance p3 - failed 
VIALE-T Post Transplant Maintenance - Failed 
 
Gps has proven effective in Preventing Relapse and Extending Survival in all prior trials - with extended os correlated with WT1+ Specific Immune Response - including in 2 Phase 2 Trials for AML Remission Maintenance. 
 
it is not complicated.",2026-08-23 02:24:51+00:00,Neutre,$SLS $MRNA $MRK pardon the typo -- .636 HR per the SAP -- and GPs gets the Fda green light. .636 Equates to a GPS MOS of 12.6 months vs ~8 with BAT for Control GPS Phase 3 Results are coming in close to 34/36 Months / w BAT in at ~ 8/10 ... Modern BAT / Aza+VEN recently Failed 3 Large Phase 3 Trials Conducted by $ABBV - including 2 for For AML Remission Maintenance. VIALE-M First Remissioin Maintenance p3 - failed VIALE-T Post Transplant Maintenance - Failed Gps has proven effective in Preventing Relapse and Extending Survival in all prior trials - with extended os correlated with WT1+ Specific Immune Response - including in 2 Phase 2 Trials for AML Remission Maintenance. it is not complicated.,0.8345,Positive
ABBV,"$SLS $MRNA Just B Holding. SLS Phase 3 Results are Now Imminent - and worth 12X -15x the Current SLS Market Cap. 
  
• In addition to Gps Statistically Significant Phase 2 Results - 21 months MOS in Second Remission CR2, that was 4x longer than BAT,  
 
Gps has proven successful in preventing relapse and extending Survival in ALL prior trials - including 2 Phase 2 Trials for AML Remission. 
   
• As an Example, Gps achieved a not yet reached and greater than &gt; 67.6 month Median Overall Survival in a Phase 2 trial for first remission patients (CR1).   
  
• Standard of care is 24.7 months / Onureg.  
 
and  $ABBV combined Venetoclax w Onureg in 3 phase 3 trials that Failed - in the VIALE-M phase 3 trial for CR1 patients Ven +Onureg Failed.  
 
Modern BAT for the SLS P3 Control Arm Recently Failed 3 large P3 trials.  
  
its not complicated.",2026-08-23 00:45:44+00:00,Neutre,"$SLS $MRNA Just B Holding. SLS Phase 3 Results are Now Imminent - and worth 12X -15x the Current SLS Market Cap. • In addition to Gps Statistically Significant Phase 2 Results - 21 months MOS in Second Remission CR2, that was 4x longer than BAT, Gps has proven successful in preventing relapse and extending Survival in ALL prior trials - including 2 Phase 2 Trials for AML Remission. • As an Example, Gps achieved a not yet reached and greater than &gt; 67.6 month Median Overall Survival in a Phase 2 trial for first remission patients (CR1). • Standard of care is 24.7 months / Onureg. and $ABBV combined Venetoclax w Onureg in 3 phase 3 trials that Failed - in the VIALE-M phase 3 trial for CR1 patients Ven +Onureg Failed. Modern BAT for the SLS P3 Control Arm Recently Failed 3 large P3 trials. its not complicated.",0.7927,Positive
ABBV,$NVO $LLY $AMGN $ABBV  GET READY FOR MORE PAIN 🤕,2026-08-22 21:49:43+00:00,Bearish,$NVO $LLY $AMGN $ABBV GET READY FOR MORE PAIN 🤕,-0.2716,Negative
ABBV,$NGEN Interesting.   Thanks also to @derekiz for highlighting that connection between NGEN and $ABBV I was not aware of that.  Hmm!  Abbvie was under my coverage years back and I would not be sad to see them be the ones to ultimately acquire us.  Cheers.,2026-08-22 17:54:52+00:00,Neutre,$NGEN Interesting. Thanks also to for highlighting that connection between NGEN and $ABBV I was not aware of that. Hmm! Abbvie was under my coverage years back and I would not be sad to see them be the ones to ultimately acquire us. Cheers.,0.8897,Positive
ABBV,$SLS You heard it here first: $JNJ is going to buy GPS and $ABBV Tambiciclib. $15 B each. Done deal. Carry on.,2026-08-22 12:09:23+00:00,Bullish,$SLS You heard it here first: $JNJ is going to buy GPS and $ABBV Tambiciclib. $15 B each. Done deal. Carry on.,0.0,Neutral
ABBV,"$SLS $MRNA for Any who do not Know - Modern BAT / Aza+VEN - for the SLS Control Arm Patients, Recently Failed 3 Large Phase 3 Trials conducted by $ABBV ...",2026-08-22 04:04:05+00:00,Neutre,"$SLS $MRNA for Any who do not Know - Modern BAT / Aza+VEN - for the SLS Control Arm Patients, Recently Failed 3 Large Phase 3 Trials conducted by $ABBV ...",-0.5106,Negative
ABBV,"$SLS Happy weekend to all longs!  It&#39;s been a beautiful day on Canada&#39;s Sunshine Coast 🌞  
 
This week, and today&#39;s market activity especially, gives us much optimism that something&#39;s afoot and coming down the pipe.  If it is the long-awaited &#39;80th event&#39; - well, in many ways it feels to me a relief, but also sadly ironic the 80th REGAL patient&#39;s death will cause such excitement and action in the stock market.  For this reason I used to hold a lot of resentment for the IDMC for not halting and unblinding REGAL sooner.  But I&#39;ve resigned to waiting on the 80th like everyone else, having faith that the REGAL FA will show extraordinary efficacy, statistical power, meaning and significance and that, in of itself, will help save and extend more lives over the long term. 
 
Those BPs in the running - $JNJ, $LLY, $ABBV, $MRK, etc. -- I&#39;m sure they all want REGAL numbers and statistics as refined, unequivocal and significant as possible -- and that will benefit all parties concerned! 
 
Reminder 👇",2026-08-21 23:43:06+00:00,Neutre,"$SLS Happy weekend to all longs! It&#39;s been a beautiful day on Canada&#39;s Sunshine Coast 🌞 This week, and today&#39;s market activity especially, gives us much optimism that something&#39;s afoot and coming down the pipe. If it is the long-awaited &#39;80th event&#39; - well, in many ways it feels to me a relief, but also sadly ironic the 80th REGAL patient&#39;s death will cause such excitement and action in the stock market. For this reason I used to hold a lot of resentment for the IDMC for not halting and unblinding REGAL sooner. But I&#39;ve resigned to waiting on the 80th like everyone else, having faith that the REGAL FA will show extraordinary efficacy, statistical power, meaning and significance and that, in of itself, will help save and extend more lives over the long term. Those BPs in the running - $JNJ, $LLY, $ABBV, $MRK, etc. -- I&#39;m sure they all want REGAL numbers and statistics as refined, unequivocal and significant as possible -- and that will benefit all parties concerned! Reminder 👇",0.9836,Positive
ABBV,"$SLS $MRNA $IBRX Just B Holding. 
 
In addition to Gps Stat Sig 21 months MOS P2 for CR2 that was 4x longer than BAT, 
Gps has proven successful in preventing relapse and extending Survival in ALL prior trials.  
  
• Just as an Example, Gps achieved a not yet reached and greater than &gt; 67.6 month median overall survival in a Phase 2 trial for first remission patients (CR1).  
 
• Standard of care is 24.7 months / Onureg. 
 
$Abbv combined Venetoclax w Onureg in the VIALE-M phase 3 trial for CR1 patients  
- it Failed. 
BAT for the SLS P3 Control Arm Failed 3 large P3 trials. 
 
its not complicated.",2026-08-21 21:05:46+00:00,Neutre,"$SLS $MRNA $IBRX Just B Holding. In addition to Gps Stat Sig 21 months MOS P2 for CR2 that was 4x longer than BAT, Gps has proven successful in preventing relapse and extending Survival in ALL prior trials. • Just as an Example, Gps achieved a not yet reached and greater than &gt; 67.6 month median overall survival in a Phase 2 trial for first remission patients (CR1). • Standard of care is 24.7 months / Onureg. $Abbv combined Venetoclax w Onureg in the VIALE-M phase 3 trial for CR1 patients - it Failed. BAT for the SLS P3 Control Arm Failed 3 large P3 trials. its not complicated.",0.362,Positive
ABBV,"$SLS Investment of a Lifetime. 
 
$ABBV is a Likely Buyer  
 
 
https://www.fiercepharma.com/pharma/inside-abbvies-10b-immunogen-buyout-and-bidding-war-it-won 
 
/ SLS009 + ABBV Ven+aza in Randomized Pivotal AML-MR trial - results incoming Next Quarter.",2026-08-21 19:20:55+00:00,Neutre,$SLS Investment of a Lifetime. $ABBV is a Likely Buyer / SLS009 + ABBV Ven+aza in Randomized Pivotal AML-MR trial - results incoming Next Quarter.,0.0,Neutral
ABBV,$ABBV Soon next leg up,2026-08-21 18:52:23+00:00,Bullish,$ABBV Soon next leg up,0.0,Neutral
ABBV,"$MRNA Bye Buy Short Turdler -- we hardly knew ya. onto the next ID. 
$SLS Should be at $24/$28 When the 80th Event PR is announced / imminently. 
SLS share price has nearly doubled and more every time an Event Milestone was announced. 
 
IDMC Unblinded the actual MOS and IR Data --- from the Interim Analysis.  
- Thought exercise - BAT is known, it failed 3 Large Phase 3 Trials, conducted by $ABBV / $RHHBY $BMY  
They KNOW PRECISELY how thier Drugs Perform for these AML CR2 patients.",2026-08-21 18:48:50+00:00,Neutre,"$MRNA Bye Buy Short Turdler -- we hardly knew ya. onto the next ID. $SLS Should be at $24/$28 When the 80th Event PR is announced / imminently. SLS share price has nearly doubled and more every time an Event Milestone was announced. IDMC Unblinded the actual MOS and IR Data --- from the Interim Analysis. - Thought exercise - BAT is known, it failed 3 Large Phase 3 Trials, conducted by $ABBV / $RHHBY $BMY They KNOW PRECISELY how thier Drugs Perform for these AML CR2 patients.",0.6166,Positive
ABBV,$SLS $ABBV $MRNA $IBRX,2026-08-21 17:54:12+00:00,Neutre,$SLS $ABBV $MRNA $IBRX,0.0,Neutral
ABBV,"$MRNA Does Make Sense for $LLY to BUY this for about $99B ... right now. 
 
$SLS goes for $33B - $47B when its Acute Myeloid Leukemia remission maintenance results are announced - news imminent. 
Prior GPs Phase 2 results &gt; 67.6 months of Median Os vs SOC / Onureg at 24.7 months. 
 
Onureg + Venetoclax Failed a Phase 3 trial conducted by $ABBV who should buy SLS right now - SLS&#39;s secondary agent in Pivotal Randomozed 80 patient P2 combined w VEN  
 
in front line AML-MR  ( Tp53 axl1, .. mutations w no approved options ) - FDA reviewed Prior P2 data 4x Os increase, 57% ORR in end stage patients who&#39;d failed all treatment options, and fda requested SLS move the trial into the front line.",2026-08-21 17:50:33+00:00,Neutre,"$MRNA Does Make Sense for $LLY to BUY this for about $99B ... right now. $SLS goes for $33B - $47B when its Acute Myeloid Leukemia remission maintenance results are announced - news imminent. Prior GPs Phase 2 results &gt; 67.6 months of Median Os vs SOC / Onureg at 24.7 months. Onureg + Venetoclax Failed a Phase 3 trial conducted by $ABBV who should buy SLS right now - SLS&#39;s secondary agent in Pivotal Randomozed 80 patient P2 combined w VEN in front line AML-MR ( Tp53 axl1, .. mutations w no approved options ) - FDA reviewed Prior P2 data 4x Os increase, 57% ORR in end stage patients who&#39;d failed all treatment options, and fda requested SLS move the trial into the front line.",-0.5719,Negative
ABBV,"$SGMO NAV1.7 .... 
interest from multiple pot. #partners ...  now bidders 
 
$VRTX $ABBV $LLY   who else ???",2026-08-21 17:07:13+00:00,Neutre,$SGMO NAV1.7 .... interest from multiple pot. #partners ... now bidders $VRTX $ABBV $LLY who else ???,0.5484,Positive
ABBV,"$SGMO $ABBV 
 also potential bidder for $SGMO NAV1.7 
as they entered world of pain in deal with Haisco 
 
https://www.biospace.com/business/abbvie-enters-world-of-pain-in-up-to-715m-deal-with-chinas-haisco",2026-08-21 17:06:02+00:00,Neutre,$SGMO $ABBV also potential bidder for $SGMO NAV1.7 as they entered world of pain in deal with Haisco,-0.5106,Negative
ABBV,"$SLS And this is in Second Remission AML - Gps is an Effective CURE for AML Patients who obtain First Remission - Stronger Immune system. 
 
For those who don&#39;t know  
GPS Phase 2 MOS in CR1 was not Reached &gt; 67.6 months - in transplant ineligible Patients. 
 
SOC / Onureg MOS is only 24.7 Months ... 
 
&gt;67.6 w GPS vs 24.7 Months with SOC 
And $ABBV conducted a Phase 3 trial VIALE-M - combining Onureg with VEN that Failed . . .  
8 Dosing regimes were attempted in the VIALE-M CR1 Trial, and they all FAILED. 
Gps is worth 10x - 25X more than the current market manipulated share price.",2026-08-21 16:45:12+00:00,Neutre,"$SLS And this is in Second Remission AML - Gps is an Effective CURE for AML Patients who obtain First Remission - Stronger Immune system. For those who don&#39;t know GPS Phase 2 MOS in CR1 was not Reached &gt; 67.6 months - in transplant ineligible Patients. SOC / Onureg MOS is only 24.7 Months ... &gt;67.6 w GPS vs 24.7 Months with SOC And $ABBV conducted a Phase 3 trial VIALE-M - combining Onureg with VEN that Failed . . . 8 Dosing regimes were attempted in the VIALE-M CR1 Trial, and they all FAILED. Gps is worth 10x - 25X more than the current market manipulated share price.",0.9009,Positive
ABBV,"$ABBV $IBRX $MRNA $SLS 

ABBV: Hey pipsqueak SLS I see you might have something there in GPS &amp; SLS 009.

SLS: I know, we’re doubling to quadrupling + life expectancy in AML with our blockbuster assets. We can’t wait for Regal final analysis. 

ABBV: The market doesn’t really seem to think so. Seems like you just got lucky. Listen we’ll take these off your hands before Regal Phase 3 drops that way you can take the cash &amp; run. What’s the number?

SLS: 40 billy. 

ABBV: Are you out of your cotton picking mind ha ha ha good one you’re a hoot! Listen we’ll give you $8.5 bills that’s really generous. We’ll write the check right now &amp; take these assets to the finish line like only we can. 

SLS: 40 billy. AML monopoly &amp; 20+ platform potential. Not a penny less. 

ABBV: Bro 😎, we were trying to be nice, but now we’re going to have to render your assets obsolete with our new trials. 

…3 trial failures later…

ABBV: Ok bro 😎, let’s talk…you were saying $40 billy?

SLS: Step into our office.",2026-08-21 15:41:50+00:00,Neutre,"$ABBV $IBRX $MRNA $SLS ABBV: Hey pipsqueak SLS I see you might have something there in GPS &amp; SLS 009. SLS: I know, we’re doubling to quadrupling + life expectancy in AML with our blockbuster assets. We can’t wait for Regal final analysis. ABBV: The market doesn’t really seem to think so. Seems like you just got lucky. Listen we’ll take these off your hands before Regal Phase 3 drops that way you can take the cash &amp; run. What’s the number? SLS: 40 billy. ABBV: Are you out of your cotton picking mind ha ha ha good one you’re a hoot! Listen we’ll give you $8.5 bills that’s really generous. We’ll write the check right now &amp; take these assets to the finish line like only we can. SLS: 40 billy. AML monopoly &amp; 20+ platform potential. Not a penny less. ABBV: Bro 😎, we were trying to be nice, but now we’re going to have to render your assets obsolete with our new trials. …3 trial failures later… ABBV: Ok bro 😎, let’s talk…you were saying $40 billy? SLS: Step into our office.",0.9587,Positive
ABBV,"$SLS $MRNA for Any who do not Know - Aza+VEN - Modern BAT for the SLS Phase 3 Control Arm Patients, Recently Failed 3 Large Phase 3 Trials conducted by $ABBV",2026-08-21 13:43:23+00:00,Neutre,"$SLS $MRNA for Any who do not Know - Aza+VEN - Modern BAT for the SLS Phase 3 Control Arm Patients, Recently Failed 3 Large Phase 3 Trials conducted by $ABBV",-0.5106,Negative
ABBV,$ABBV presented new lung cancer data at WCLC 2026. https://www.rapidticker.com/news/abbv-abbvie-to-present-new-data-f35c1c,2026-08-21 11:55:53+00:00,Neutre,$ABBV presented new lung cancer data at WCLC 2026.,-0.6597,Negative
ABBV,"$SLS for Any who do not Know - Aza+VEN - Modern BAT for the SLS Phase 3 Control Arm Patients, Recently Failed 3 Large Phase 3 Trials conducted by $ABBV .. 
 
​$MRNA $IBRX",2026-08-21 03:56:05+00:00,Neutre,"$SLS for Any who do not Know - Aza+VEN - Modern BAT for the SLS Phase 3 Control Arm Patients, Recently Failed 3 Large Phase 3 Trials conducted by $ABBV .. ​$MRNA $IBRX",-0.5106,Negative
ABBV,"$SLS $MRNA for Any who do not Know - Modern BAT / Aza+VEN for the SLS Control Arm Patients, Recently Failed 3 Large Phase 3 Trials conducted by $ABBV ...",2026-08-21 01:23:30+00:00,Neutre,"$SLS $MRNA for Any who do not Know - Modern BAT / Aza+VEN for the SLS Control Arm Patients, Recently Failed 3 Large Phase 3 Trials conducted by $ABBV ...",-0.5106,Negative
ABBV,@Spaceyboy modern bat / aza+VEN Failed 3 Large Phase 3 Trials conducted by $ABBV,2026-08-21 01:19:20+00:00,Neutre,modern bat / aza+VEN Failed 3 Large Phase 3 Trials conducted by $ABBV,-0.5106,Negative
ABBV,"$SLS and while we are seeing Miraculous survival in the GPS Phase 3 Trial  
- Aza+VEN, the BAT for Control Patients - recently Failed, 3 Large Phase 3 AML Trials conducted by $ABBV. 
  
VIALE-M P3 (M for Maintenance) Failed in First Remission CR1 
VIALE-T P3 in Post Transplant Maintenance  
VERONA - HighRiskMDS/AML Precursor Failed 
OPTI-AML Reduced Intensity AzaVEN Dosing Phase 2 FAILED. 
 
it ain&#39;t BAT ...  
 
$MRNA $IBRX",2026-08-20 20:36:04+00:00,Neutre,"$SLS and while we are seeing Miraculous survival in the GPS Phase 3 Trial - Aza+VEN, the BAT for Control Patients - recently Failed, 3 Large Phase 3 AML Trials conducted by $ABBV. VIALE-M P3 (M for Maintenance) Failed in First Remission CR1 VIALE-T P3 in Post Transplant Maintenance VERONA - HighRiskMDS/AML Precursor Failed OPTI-AML Reduced Intensity AzaVEN Dosing Phase 2 FAILED. it ain&#39;t BAT ... $MRNA $IBRX",-0.8316,Negative
ACN,$ACN $400 soon.,2026-08-24 17:18:24+00:00,Bullish,$ACN $400 soon.,0.0,Neutral
ACN,"$ACN 
Panic ensuing. Q4 not shaping up as planned?",2026-08-24 15:41:36+00:00,Neutre,$ACN Panic ensuing. Q4 not shaping up as planned?,-0.5106,Negative
ACN,$APP similar chart and price action as $ADBE and $ACN. just need to be patient,2026-08-24 14:23:49+00:00,Neutre,$APP similar chart and price action as $ADBE and $ACN. just need to be patient,0.0,Neutral
ACN,"Wall St is expecting 3.18 EPS for $ACN Q4 [Reporting 10/01 BMO]
http://www.estimize.com/intro/acn?chart=historical&amp;metric_name=eps&amp;utm_cont",2026-08-24 14:06:30+00:00,Neutre,Wall St is expecting 3.18 EPS for $ACN Q4 [Reporting 10/01 BMO],0.0,Neutral
ACN,"$ACN oh oh. 

https://www.storyboard18.com/amp/digital/accenture-ceo-julie-sweet-asks-employees-to-stay-focused-in-august-as-company-pushes-for-stronger-q4-107869.htm",2026-08-24 08:31:40+00:00,Neutre,$ACN oh oh.,0.0,Neutral
ACN,$ACN Hits $190 im out,2026-08-24 00:30:26+00:00,Neutre,$ACN Hits $190 im out,0.0,Neutral
ACN,$ACN Waiting for $170,2026-08-23 13:45:59+00:00,Neutre,$ACN Waiting for $170,0.0,Neutral
ACN,$ACN fucking ripping. Again!,2026-08-21 15:10:04+00:00,Bullish,$ACN fucking ripping. Again!,0.0,Neutral
ACN,"$PLTR a few ways to think about this stock…It could double sales and profit for the next 5 years and still wouldn’t earn what $ORCL is earning today. Its market cap is roughly double that of $ACN + the public gov’t services prices, but it makes roughly 5% of that market group. They will lose the rule of 40 eventually. It’s an impossible game. And when dems win the midterms, this will drop back below 100. It will be quick.",2026-08-21 09:43:05+00:00,Bearish,"$PLTR a few ways to think about this stock…It could double sales and profit for the next 5 years and still wouldn’t earn what $ORCL is earning today. Its market cap is roughly double that of $ACN + the public gov’t services prices, but it makes roughly 5% of that market group. They will lose the rule of 40 eventually. It’s an impossible game. And when dems win the midterms, this will drop back below 100. It will be quick.",0.2382,Positive
ACN,$ACN i am out guys. My average price was ~super~ messed up. Did some serious averaging down in the lower 100s area and escaped with a small profit. Was not one of my larger positions. I think 195-215 is possible. Not worth it for me to find out. Good luck to everyone. ACN is a great company…wish my average could’ve been 130!,2026-08-20 21:38:18+00:00,Neutre,$ACN i am out guys. My average price was ~super~ messed up. Did some serious averaging down in the lower 100s area and escaped with a small profit. Was not one of my larger positions. I think 195-215 is possible. Not worth it for me to find out. Good luck to everyone. ACN is a great company…wish my average could’ve been 130!,0.8237,Positive
ACN,$ACN called this in 130s within 48 hours bottom. Some up more on other $IGV names but we did what can be done here hold the shares long term gold until at least 250,2026-08-20 16:12:14+00:00,Neutre,$ACN called this in 130s within 48 hours bottom. Some up more on other $IGV names but we did what can be done here hold the shares long term gold until at least 250,0.4215,Positive
ACN,$ACN,2026-08-20 15:22:07+00:00,Bullish,$ACN,0.0,Neutral
ACN,$ACN looking for 200$,2026-08-20 15:12:34+00:00,Bullish,$ACN looking for 200$,0.0,Neutral
ACN,$ACN please go back to 170,2026-08-20 14:01:04+00:00,Neutre,$ACN please go back to 170,0.3182,Positive
ACN,"$SNOW $FTNT $ACN $MO $ADP Snowflake benefits from cloud-data and AI workloads, Fortinet benefits from cybersecurity spending, Accenture benefits from enterprise technology investment, Altria benefits from consumer-product demand, and ADP benefits from employment and payroll activity. I&#39;m watching cloud consumption, security budgets, technology spending, volumes, and labor trends.",2026-08-20 07:30:48+00:00,Neutre,"$SNOW $FTNT $ACN $MO $ADP Snowflake benefits from cloud-data and AI workloads, Fortinet benefits from cybersecurity spending, Accenture benefits from enterprise technology investment, Altria benefits from consumer-product demand, and ADP benefits from employment and payroll activity. I&#39;m watching cloud consumption, security budgets, technology spending, volumes, and labor trends.",0.9169,Positive
ACN,$ACN $ORCL 16.94 billion total contract value for Oracle https://sam.gov/opp/0817db124a424e0b840dacb2e18cdd7b/view,2026-08-19 16:55:42+00:00,Neutre,$ACN $ORCL 16.94 billion total contract value for Oracle,0.34,Positive
ACN,$ACN don’t even think today 😂 $QQQ $SPY,2026-08-19 16:38:56+00:00,Neutre,$ACN don’t even think today 😂 $QQQ $SPY,0.0,Neutral
ACN,Large caps bullish after an hour $NOW $ACN $CRM $ADBE $INTU,2026-08-19 15:01:51+00:00,Bullish,Large caps bullish after an hour $NOW $ACN $CRM $ADBE $INTU,0.0,Neutral
ACN,$ACN you always follow my instructions:) $QQQ $SPYD,2026-08-19 14:49:13+00:00,Neutre,$ACN you always follow my instructions:) $QQQ $SPYD,0.0,Neutral
ACN,$ACN on 🔥,2026-08-19 14:31:43+00:00,Neutre,$ACN on 🔥,0.0,Neutral
ACN,"$MRNA $TGT $TWST $ACN $EL 

Big bullish trend names after 45",2026-08-19 14:12:46+00:00,Bullish,$MRNA $TGT $TWST $ACN $EL Big bullish trend names after 45,0.0,Neutral
ACN,Large caps bullish after an hour $ACN $NOW $CRM $PGR $DHR,2026-08-19 14:05:25+00:00,Bullish,Large caps bullish after an hour $ACN $NOW $CRM $PGR $DHR,0.0,Neutral
ACN,"$ACN Unfortunately still my worst position but definitely happy with the last few weeks. Forecasting price targets is tough given the recent multiple compression, but assuming we move past the &quot;AI is going to destroy everything&quot; narrative I see Fiscal 27 price at 350+ and Fiscal 28 price at 380.",2026-08-18 22:59:02+00:00,Neutre,"$ACN Unfortunately still my worst position but definitely happy with the last few weeks. Forecasting price targets is tough given the recent multiple compression, but assuming we move past the &quot;AI is going to destroy everything&quot; narrative I see Fiscal 27 price at 350+ and Fiscal 28 price at 380.",-0.0387,Neutral
ACN,$ACN can you break 180,2026-08-18 14:06:55+00:00,Neutre,$ACN can you break 180,0.0,Neutral
ACN,$IOVA $OCUL $ACN $WM $MAGS real,2026-08-17 20:57:45+00:00,Bullish,$IOVA $OCUL $ACN $WM $MAGS real,0.0,Neutral
ACN,"Wall St is expecting 3.18 EPS for $ACN Q4 [Reporting 10/01 BMO]
http://www.estimize.com/intro/acn?chart=historical&amp;metric_name=eps&amp;utm_cont",2026-08-17 14:03:35+00:00,Neutre,Wall St is expecting 3.18 EPS for $ACN Q4 [Reporting 10/01 BMO],0.0,Neutral
ACN,"$GSAT $UVXY $ACN $BTGO Globalstar benefits from satellite-connectivity opportunities, UVXY provides leveraged volatility exposure, Accenture benefits from enterprise technology and AI spending, and BTGO remains highly speculative. I&#39;m watching satellite contracts, volatility, consulting demand, and liquidity.",2026-08-17 05:34:54+00:00,Neutre,"$GSAT $UVXY $ACN $BTGO Globalstar benefits from satellite-connectivity opportunities, UVXY provides leveraged volatility exposure, Accenture benefits from enterprise technology and AI spending, and BTGO remains highly speculative. I&#39;m watching satellite contracts, volatility, consulting demand, and liquidity.",0.7902,Positive
ACN,$ACN $300 soon.,2026-08-17 05:06:12+00:00,Bullish,$ACN $300 soon.,0.0,Neutral
ACN,"Don&#39;t believe the IT bulls 
 
Accenture  
$ACN 
 at 2018 levels, below channels and MAs 
 
IT Consulting is a dying business everywhere, with AI, margin erosion and inability to close deals 
 
Clients don&#39;t have budgets left after paying for inference and AI initiatives",2026-08-17 03:29:42+00:00,Neutre,"Don&#39;t believe the IT bulls Accenture $ACN at 2018 levels, below channels and MAs IT Consulting is a dying business everywhere, with AI, margin erosion and inability to close deals Clients don&#39;t have budgets left after paying for inference and AI initiatives",-0.4019,Negative
ACN,$ACN What the hell has been wrong with this company?,2026-08-16 06:25:19+00:00,Neutre,$ACN What the hell has been wrong with this company?,-0.8271,Negative
ADBE,$VCX my two biggest call options right now $ADBE,2026-08-24 22:52:49+00:00,Bullish,$VCX my two biggest call options right now $ADBE,0.0,Neutral
ADBE,$ADBE strong close,2026-08-24 20:06:13+00:00,Bullish,$ADBE strong close,0.5106,Positive
ADBE,$ADBE  updated chart. Price now over all major ma&#39;s.  Next up for me will be the Feb gap.  It has tested but not filled.,2026-08-24 19:16:30+00:00,Bullish,$ADBE updated chart. Price now over all major ma&#39;s. Next up for me will be the Feb gap. It has tested but not filled.,0.0,Neutral
ADBE,$ADBE keep running baby,2026-08-24 18:19:25+00:00,Neutre,$ADBE keep running baby,0.0,Neutral
ADBE,$ADBE $540 soon.,2026-08-24 17:20:02+00:00,Bullish,$ADBE $540 soon.,0.0,Neutral
ADBE,$ADBE,2026-08-24 16:04:58+00:00,Bullish,$ADBE,0.0,Neutral
ADBE,"$ADBE 📊 USAEquityResearch

▲ 276.40  (+0.40%)

Trend: Bullish 📈
RSI (14): 61.7 — strong momentum, approaching overbought
MACD: bullish, above signal line and rising
Volume: below average

📌 Key Levels
Resistance: 276.40  |  Support: 247.90
20-MA: 262.40  |  50-MA: 233.90

💼 Fundamentals
Mkt Cap: $109.87B
P/E (TTM): 15.8  |  Fwd P/E: 10.1
FCF: $9.22B  (23.19/sh)
Total Debt: $7.08B  D/E: 61.44

📉 Options  (exp 2026-08-28)
ATM IV: 51.1%  |  Skew: -2.7% (call-heavy)
P/C Ratio: 1.14  ⚖️ Neutral
Max Pain: 262.50
Call wall: 277.50  |  Put wall: 275.00

Educational content only. Not financial advice.

Full data, options chain &amp; financials: https://usaequityresearch.com/stocks/ADBE",2026-08-24 15:42:30+00:00,Neutre,"$ADBE 📊 USAEquityResearch ▲ 276.40 (+0.40%) Trend: Bullish 📈 RSI (14): 61.7 — strong momentum, approaching overbought MACD: bullish, above signal line and rising Volume: below average 📌 Key Levels Resistance: 276.40 | Support: 247.90 20-MA: 262.40 | 50-MA: 233.90 💼 Fundamentals Mkt Cap: $109.87B P/E (TTM): 15.8 | Fwd P/E: 10.1 FCF: $9.22B (23.19/sh) Total Debt: $7.08B D/E: 61.44 📉 Options (exp 2026-08-28) ATM IV: 51.1% | Skew: -2.7% (call-heavy) P/C Ratio: 1.14 ⚖️ Neutral Max Pain: 262.50 Call wall: 277.50 | Put wall: 275.00 Educational content only. Not financial advice. Full data, options chain &amp; financials:",0.0516,Positive
ADBE,$ADBE need $282 to break even!!!!!!!!,2026-08-24 15:23:01+00:00,Bullish,$ADBE need $282 to break even!!!!!!!!,0.0,Neutral
ADBE,"@Lazytrade I remember how even Whales sold at lose because didn&#39;t believe in $ADBE , we need just hold and management need to execute $APP",2026-08-24 15:08:17+00:00,Neutre,"I remember how even Whales sold at lose because didn&#39;t believe in $ADBE , we need just hold and management need to execute $APP",-0.4019,Negative
ADBE,$ADBE damn hug volumes in the past few minutes,2026-08-24 14:59:49+00:00,Neutre,$ADBE damn hug volumes in the past few minutes,0.1027,Positive
ADBE,$ADBE gonna retry that 278 resistance again. Got smacked down pretty hard but we’ll keep chipping away.,2026-08-24 14:26:56+00:00,Bullish,$ADBE gonna retry that 278 resistance again. Got smacked down pretty hard but we’ll keep chipping away.,0.2263,Positive
ADBE,$APP similar chart and price action as $ADBE and $ACN. just need to be patient,2026-08-24 14:23:49+00:00,Neutre,$APP similar chart and price action as $ADBE and $ACN. just need to be patient,0.0,Neutral
ADBE,$ADBE clear break of market structure to the upside. Get ready.,2026-08-24 14:08:11+00:00,Bullish,$ADBE clear break of market structure to the upside. Get ready.,0.6249,Positive
ADBE,$ADBE we got this bruh,2026-08-24 13:55:27+00:00,Bullish,$ADBE we got this bruh,0.0,Neutral
ADBE,$ADBE,2026-08-24 13:48:13+00:00,Bullish,$ADBE,0.0,Neutral
ADBE,"Big 3 weeks ahead for enterprise software:

• $CRM reports earnings this week
• $ORCL up next week
• $ADBE the week after",2026-08-24 13:29:38+00:00,Bullish,Big 3 weeks ahead for enterprise software: • $CRM reports earnings this week • $ORCL up next week • $ADBE the week after,0.0,Neutral
ADBE,$ADBE Still bullish here all the way to $290,2026-08-24 07:51:56+00:00,Bullish,$ADBE Still bullish here all the way to $290,0.0,Neutral
ADBE,$SPY $ADBE $CRM $NOW $WDAY were taking a beating while AI stocks were soaring. Do we see the opposite now?,2026-08-24 05:54:58+00:00,Neutre,$SPY $ADBE $CRM $NOW $WDAY were taking a beating while AI stocks were soaring. Do we see the opposite now?,-0.4588,Negative
ADBE,"OPTION WATCHLIST 8/23/2026 
 
$V - Stock in a strong uptrend and close to all time highs at $373.28. Looking for calls above $373.28 for a move towards $385 and $400. Tiger Global Management Takes New Stake In Visa Inc With 798,697 Shares 
 
$SNOW- Stock making a flag pattern on the daily. Software names are getting some momentum. Swing calls added in the group. Looking for $340 and $350 upside price targets.  
 
$MSTR- Stock up almost 30% last week with bitcoin moving higher. Multiple call flows coming in. watching for calls above $122.50 for a move towards $130 and $145. High watch for 80k break on bitcoin. 
 
$ADBE- Stock testing $275 weekly trendline resistance. High watch if that level breaks for a move towards $285 and $300. Puts below $267 for a retest of $250 and lower.  
 
$CRM - Stock testing $210-211 previous resistance zone on the daily. Looking for calls at that level for a move towards $225 and higher. If $210 fails again possible retest of $200 level.",2026-08-24 03:55:40+00:00,Neutre,"OPTION WATCHLIST 8/23/2026 $V - Stock in a strong uptrend and close to all time highs at $373.28. Looking for calls above $373.28 for a move towards $385 and $400. Tiger Global Management Takes New Stake In Visa Inc With 798,697 Shares $SNOW- Stock making a flag pattern on the daily. Software names are getting some momentum. Swing calls added in the group. Looking for $340 and $350 upside price targets. $MSTR- Stock up almost 30% last week with bitcoin moving higher. Multiple call flows coming in. watching for calls above $122.50 for a move towards $130 and $145. High watch for 80k break on bitcoin. $ADBE- Stock testing $275 weekly trendline resistance. High watch if that level breaks for a move towards $285 and $300. Puts below $267 for a retest of $250 and lower. $CRM - Stock testing $210-211 previous resistance zone on the daily. Looking for calls at that level for a move towards $225 and higher. If $210 fails again possible retest of $200 level.",0.128,Positive
ADBE,$ADBE Shorting with both hands in the premarket tonight!!,2026-08-23 23:12:12+00:00,Bearish,$ADBE Shorting with both hands in the premarket tonight!!,0.0,Neutral
ADBE,"$ADBE i Agree, over $300. soon",2026-08-23 20:36:53+00:00,Neutre,"$ADBE i Agree, over $300. soon",0.3612,Positive
ADBE,"Clues for Stock market directions                     
                                                                                                                                              
 MAG 7 &amp; SPY&amp;  QQQ &amp;  Tech Stocks Trend &amp; Technical:                                                                                                       
https://youtu.be/7urKFeQOWkM?si=0R2gGZ5PYgadfk2D 
                                                   
- Stock Market new ATH or crashing?                                                                              
- Support &amp; Resistance Guide- 
     
$ADBE $SBUX $PEP $DIS $INTC",2026-08-23 00:00:11+00:00,Neutre,Clues for Stock market directions MAG 7 &amp; SPY&amp; QQQ &amp; Tech Stocks Trend &amp; Technical: - Stock Market new ATH or crashing? - Support &amp; Resistance Guide- $ADBE $SBUX $PEP $DIS $INTC,0.4019,Positive
ADBE,"$ADBE 
https://substack.com/@tradeapes/note/c-319673760",2026-08-22 20:52:55+00:00,Neutre,$ADBE,0.0,Neutral
ADBE,"Don&#39;t miss what Trump, Congress, and Insiders are trading. All conveniently available for navigation and cleanly displayed on Top Tier Newswire! $ORCL $ADBE $UBER $AAPL $INTC",2026-08-22 20:33:06+00:00,Neutre,"Don&#39;t miss what Trump, Congress, and Insiders are trading. All conveniently available for navigation and cleanly displayed on Top Tier Newswire! $ORCL $ADBE $UBER $AAPL $INTC",0.126,Positive
ADBE,@pnvoss  I remember you from $ADBE  almost 2yrs ago. Doesn’t this shitty PA scare you?. This WS movie is no different from the one played  in $ADBE ’s .  $APP will sit comfy at the $200’s  for quite awhile imo there’s no need to rush buying  it here.,2026-08-22 12:42:25+00:00,Bearish,I remember you from $ADBE almost 2yrs ago. Doesn’t this shitty PA scare you?. This WS movie is no different from the one played in $ADBE ’s . $APP will sit comfy at the $200’s for quite awhile imo there’s no need to rush buying it here.,-0.8573,Negative
ADBE,$ADBE $300 plus this coming up week 🙏🏻,2026-08-22 03:59:10+00:00,Neutre,$ADBE $300 plus this coming up week 🙏🏻,0.0,Neutral
ADBE,"$ADBE 📊 USAEquityResearch

▲ 275.30  (+1.13%)

Trend: Bullish 📈
RSI (14): 64.0 — strong momentum, approaching overbought
MACD: bullish, above signal line and rising
Volume: normal

📌 Key Levels
Resistance: 275.30  |  Support: 237.75
20-MA: 260.47  |  50-MA: 232.75

💼 Fundamentals
Mkt Cap: $109.43B
P/E (TTM): 15.7  |  Fwd P/E: 10.0
FCF: $9.22B  (23.19/sh)
Total Debt: $7.08B  D/E: 61.44

📉 Options  (exp 2026-08-28)
ATM IV: 43.5%  |  Skew: +3.5% (put-heavy)
P/C Ratio: 1.25  🐻 Bearish lean
Max Pain: 260.00
Call wall: 277.50  |  Put wall: 275.00

Educational content only. Not financial advice.",2026-08-21 20:41:50+00:00,Neutre,"$ADBE 📊 USAEquityResearch ▲ 275.30 (+1.13%) Trend: Bullish 📈 RSI (14): 64.0 — strong momentum, approaching overbought MACD: bullish, above signal line and rising Volume: normal 📌 Key Levels Resistance: 275.30 | Support: 237.75 20-MA: 260.47 | 50-MA: 232.75 💼 Fundamentals Mkt Cap: $109.43B P/E (TTM): 15.7 | Fwd P/E: 10.0 FCF: $9.22B (23.19/sh) Total Debt: $7.08B D/E: 61.44 📉 Options (exp 2026-08-28) ATM IV: 43.5% | Skew: +3.5% (put-heavy) P/C Ratio: 1.25 🐻 Bearish lean Max Pain: 260.00 Call wall: 277.50 | Put wall: 275.00 Educational content only. Not financial advice.",0.0516,Positive
ADBE,$ADBE,2026-08-21 19:39:42+00:00,Bullish,$ADBE,0.0,Neutral
ADBE,$ADBE Easy money,2026-08-21 19:21:05+00:00,Bullish,$ADBE Easy money,0.4404,Positive
ADBE,$ADBE sshhhhhhhhhh,2026-08-21 18:24:21+00:00,Neutre,$ADBE sshhhhhhhhhh,0.0,Neutral
AMD,$AMD $450 8/28 puts are gong to print.,2026-08-24 23:28:21+00:00,Bearish,$AMD $450 8/28 puts are gong to print.,0.0,Neutral
AMD,"$AMD saw $28.88M in options flow today. Heavy put action dominated with 85.3% or $24.63M of the total premium. The bearish skew suggests cautious positioning by traders today. Track live flow: https://profitbuilders.io/scanner 
Bearish 
 
#OptionsFlow",2026-08-24 23:27:01+00:00,Neutre,$AMD saw $28.88M in options flow today. Heavy put action dominated with 85.3% or $24.63M of the total premium. The bearish skew suggests cautious positioning by traders today. Track live flow: Bearish #OptionsFlow,-0.1027,Negative
AMD,"$NVDA $AMD $AVGO $QQQ 

So AI is dead now?  It changes every week.

Is there any evidence that AI is dead?  No

In fact,  there’s more and more investment in AI every day.

So, the more AI investment causes more panic and the stock to go down?

Shouldn’t there be panic IF there was NO more additional AI investment?

I’m pretty sure everyone has it wrong.",2026-08-24 23:24:06+00:00,Neutre,"$NVDA $AMD $AVGO $QQQ So AI is dead now? It changes every week. Is there any evidence that AI is dead? No In fact, there’s more and more investment in AI every day. So, the more AI investment causes more panic and the stock to go down? Shouldn’t there be panic IF there was NO more additional AI investment? I’m pretty sure everyone has it wrong.",-0.9683,Negative
AMD,"$AMD $QQQ $NVDA  to the people that trade, what failsafes do you use when you notice yourself starting to &quot;tilt&quot; or revenge trade?",2026-08-24 23:18:36+00:00,Neutre,"$AMD $QQQ $NVDA to the people that trade, what failsafes do you use when you notice yourself starting to &quot;tilt&quot; or revenge trade?",-0.5267,Negative
AMD,$AMD C’monnnn Wednesday,2026-08-24 23:17:36+00:00,Neutre,$AMD C’monnnn Wednesday,0.0,Neutral
AMD,$AMD the manipulation is just insane. Best anyone can do is buy these nasty dumps and load them as they can,2026-08-24 23:00:23+00:00,Neutre,$AMD the manipulation is just insane. Best anyone can do is buy these nasty dumps and load them as they can,-0.7184,Negative
AMD,$AMD,2026-08-24 22:53:53+00:00,Neutre,$AMD,0.0,Neutral
AMD,$AMD  has surpassed a 30% share of the x86 PC CPU market for the first time 🚨,2026-08-24 22:53:37+00:00,Neutre,$AMD has surpassed a 30% share of the x86 PC CPU market for the first time 🚨,0.296,Positive
AMD,"$AMD this looks like it wants to fall off, maybe big dip tomorrow, then some recovery leading to NVDA earnings",2026-08-24 22:51:46+00:00,Neutre,"$AMD this looks like it wants to fall off, maybe big dip tomorrow, then some recovery leading to NVDA earnings",0.3612,Positive
AMD,$AMD still bullish. Idgaf.,2026-08-24 22:46:51+00:00,Bullish,$AMD still bullish. Idgaf.,0.0,Neutral
AMD,"$SPY $NVDA $QQQ $SOXX $AMD  
AI Capex is hitting a brick wall - as it should attempting a buildout without adequate infrastructure in place.  
 
GLTA  
If new to trading, read my post below carefully.",2026-08-24 22:39:00+00:00,Neutre,"$SPY $NVDA $QQQ $SOXX $AMD AI Capex is hitting a brick wall - as it should attempting a buildout without adequate infrastructure in place. GLTA If new to trading, read my post below carefully.",-0.0428,Neutral
AMD,$NVDA $AMD $ASTS,2026-08-24 22:10:59+00:00,Neutre,$NVDA $AMD $ASTS,0.0,Neutral
AMD,"$AMD $DELL $HPE $NVDA $SMCI cross posters are annoying.

No one cares.",2026-08-24 21:59:59+00:00,Neutre,$AMD $DELL $HPE $NVDA $SMCI cross posters are annoying. No one cares.,-0.2263,Negative
AMD,"$SMCI 😂 At this point, shorting this stock should require a permit and a background check.

Revenue exploding. AI infrastructure demand booming. $65B–$72B FY27 revenue guidance. NVIDIA ecosystem firing on all cylinders…

And somehow the response is: “SELL IT!” 🤡

Apparently making billions and supplying the AI revolution is bearish now.

Keep pressing it down, shorts. You’re not deleting the fundamentals, you’re just making the valuation more ridiculous. 😂🔥🐂

$NVDA $AMD $DELL $HPE",2026-08-24 21:59:14+00:00,Bullish,"$SMCI 😂 At this point, shorting this stock should require a permit and a background check. Revenue exploding. AI infrastructure demand booming. $65B–$72B FY27 revenue guidance. NVIDIA ecosystem firing on all cylinders… And somehow the response is: “SELL IT!” 🤡 Apparently making billions and supplying the AI revolution is bearish now. Keep pressing it down, shorts. You’re not deleting the fundamentals, you’re just making the valuation more ridiculous. 😂🔥🐂 $NVDA $AMD $DELL $HPE",-0.7171,Negative
AMD,"@Tacticalstump $RUM is up 60% in 10 days.  I am sure there are a ton of &quot;Lock in profit&quot; folks who are counting on this to settle down, maybe sink back into the 8s over a couple of weeks and be able to climb back in, rinse and repeat.   
 
Possibly - but I think still a solid day when $AVGO $NVDA $AMD and a lot of other AI / heavy hitting tech stocks were down.     
 
Had this been a generally green day, not the trade issues with Canada, etc, this would have popped and stayed above 10.  But with NASDAQ down 200 and this is up 3%, that is a solid against the tide kind of day. 
 
I would have loved more, but this looks like it is coiling and building pressure up",2026-08-24 21:36:34+00:00,Neutre,"$RUM is up 60% in 10 days. I am sure there are a ton of &quot;Lock in profit&quot; folks who are counting on this to settle down, maybe sink back into the 8s over a couple of weeks and be able to climb back in, rinse and repeat. Possibly - but I think still a solid day when $AVGO $NVDA $AMD and a lot of other AI / heavy hitting tech stocks were down. Had this been a generally green day, not the trade issues with Canada, etc, this would have popped and stayed above 10. But with NASDAQ down 200 and this is up 3%, that is a solid against the tide kind of day. I would have loved more, but this looks like it is coiling and building pressure up",0.882,Positive
AMD,$AMIX coming soon $3 bad news scam company pumpers lol look at this $SPCX $NVDA $AMD,2026-08-24 21:26:39+00:00,Bearish,$AMIX coming soon $3 bad news scam company pumpers lol look at this $SPCX $NVDA $AMD,-0.6597,Negative
AMD,$AMD this will go up with MU or NVDA good earnings no worries all keep add 👆👆👆👆👆👆😉,2026-08-24 21:24:34+00:00,Bullish,$AMD this will go up with MU or NVDA good earnings no worries all keep add 👆👆👆👆👆👆😉,-0.2732,Negative
AMD,#Dow Rises As Tech Stocks Drag S&amp;P 500 Lower Ahead Of #Nvidia Results Mentions: $NVDA $MU $AMD $AVGO $SOXX https://talkmarkets.com/article/dow-rises-as-tech-stocks-drag-sp-500-lower-ahead-of-nvidia-results-1787606431,2026-08-24 21:21:19+00:00,Neutre,#Dow Rises As Tech Stocks Drag S&amp;P 500 Lower Ahead Of #Nvidia Results Mentions: $NVDA $MU $AMD $AVGO $SOXX,-0.4767,Negative
AMD,"$AMD 450 held, will it tomorrow or waiting for NVDA earnings",2026-08-24 21:20:42+00:00,Neutre,"$AMD 450 held, will it tomorrow or waiting for NVDA earnings",0.0,Neutral
AMD,$NVDA $AMD %$MU $SMCI $SKHY Time to make it a better day. Cheers folks!,2026-08-24 21:13:07+00:00,Bullish,$NVDA $AMD %$MU $SMCI $SKHY Time to make it a better day. Cheers folks!,0.7424,Positive
AMD,$AMIX bad news pump and dump $SPCX  $NVDA  $AMD,2026-08-24 21:10:24+00:00,Bearish,$AMIX bad news pump and dump $SPCX $NVDA $AMD,-0.7269,Negative
AMD,$AMIX coming soon $3 look at this $SPCX  $NVDA  $AMD,2026-08-24 21:00:17+00:00,Bearish,$AMIX coming soon $3 look at this $SPCX $NVDA $AMD,0.0,Neutral
AMD,$AMD today&#39;s bounty!,2026-08-24 20:54:35+00:00,Neutre,$AMD today&#39;s bounty!,0.0,Neutral
AMD,$AMD increased my position,2026-08-24 20:50:55+00:00,Bullish,$AMD increased my position,0.2732,Positive
AMD,"$NVDA $AMD $QQQI 

They are soooo bearish on the semis trade on CNBC.

It feels like they are going out of their way to try to get you to sell.

It feels like a setup, I could be wrong but I don’t remember them being this bearish on semis esp before $NVDA earnings.

Setup or not?",2026-08-24 20:31:22+00:00,Neutre,"$NVDA $AMD $QQQI They are soooo bearish on the semis trade on CNBC. It feels like they are going out of their way to try to get you to sell. It feels like a setup, I could be wrong but I don’t remember them being this bearish on semis esp before $NVDA earnings. Setup or not?",0.1154,Positive
AMD,$AMD is AMD going out of business?,2026-08-24 20:31:10+00:00,Neutre,$AMD is AMD going out of business?,0.0,Neutral
AMD,"Good evening 
 
OVN 
$SPY 8/27 761p $2.35 
 
Enjoy your night 
$TSLA $AMD $NVDA $MU",2026-08-24 20:17:25+00:00,Neutre,Good evening OVN $SPY 8/27 761p $2.35 Enjoy your night $TSLA $AMD $NVDA $MU,0.7269,Positive
AMD,$AMD … This is in an endless freefall over the last month. WTF? 🤬,2026-08-24 20:15:01+00:00,Neutre,$AMD … This is in an endless freefall over the last month. WTF? 🤬,-0.6739,Negative
AMD,$AMD Yesterday was the lowest volume day since Christmas eve 2025. Today only 1.5m more. Selling is getting exhausted.,2026-08-24 20:15:01+00:00,Bullish,$AMD Yesterday was the lowest volume day since Christmas eve 2025. Today only 1.5m more. Selling is getting exhausted.,-0.6249,Negative
AMD,$AMD Another historically low volume day - Hedge Funds can do whatever they want to the share price when there is barely 14M shares traded on the day..,2026-08-24 20:11:23+00:00,Neutre,$AMD Another historically low volume day - Hedge Funds can do whatever they want to the share price when there is barely 14M shares traded on the day..,0.323,Positive
AES,"$FLNC Something is up this morning. There has never been this many prints on the order book in premarket so far from the current price, and volume is up. Maybe #Grid 2.0 that Fluence is working on. Look like the real reason $BLK  wanted $AES  😉 https://pv-magazine-usa.com/2026/08/17/proposed-grid-2-0-protocol-would-enable-connect-and-manage-for-both-load-and-generation/",2026-08-18 13:23:54+00:00,Bullish,"$FLNC Something is up this morning. There has never been this many prints on the order book in premarket so far from the current price, and volume is up. Maybe #Grid 2.0 that Fluence is working on. Look like the real reason $BLK wanted $AES 😉",0.3612,Positive
AES,$AES / Global Infrastructure Partners – Ohio PSC Comment Reply Deadline (Staff Recommended 7/9),2026-08-13 12:01:24+00:00,Neutre,$AES / Global Infrastructure Partners – Ohio PSC Comment Reply Deadline (Staff Recommended 7/9),0.2023,Positive
AES,$AES  Open Equals Low with good volume.,2026-08-13 11:55:25+00:00,Bullish,$AES Open Equals Low with good volume.,0.2023,Positive
AES,"$AES per the 10-Q filed with SEC on Aug 4, earnings per share for Q2 was 0.60, ~33% beat over the forecast. Page 4 of the filing, line items &quot;DILUTED EARNINGS PER SHARE:&quot; https://www.sec.gov/ix?doc=/Archives/edgar/data/0000874761/000087476126000144/aes-20260630.htm",2026-08-05 15:55:40+00:00,Neutre,"$AES per the 10-Q filed with SEC on Aug 4, earnings per share for Q2 was 0.60, ~33% beat over the forecast. Page 4 of the filing, line items &quot;DILUTED EARNINGS PER SHARE:&quot;",0.296,Positive
AES,"$ZION $AES $CFR $FROG $VICR Zions Bancorporation strengthens commercial banking, AES expands renewable energy, Cullen/Frost provides stable banking exposure, JFrog benefits from DevOps software adoption, and Vicor supplies advanced power solutions.",2026-08-05 06:59:04+00:00,Neutre,"$ZION $AES $CFR $FROG $VICR Zions Bancorporation strengthens commercial banking, AES expands renewable energy, Cullen/Frost provides stable banking exposure, JFrog benefits from DevOps software adoption, and Vicor supplies advanced power solutions.",0.9001,Positive
AES,"$AES Q2 &#39;26 Earnings Results &amp; Recap

• Reported GAAP EPS of $0.60 up 500.00% YoY
• Reported revenue of $3.42B up 19.86% YoY",2026-08-04 20:44:47+00:00,Neutre,$AES Q2 &#39;26 Earnings Results &amp; Recap • Reported GAAP EPS of $0.60 up 500.00% YoY • Reported revenue of $3.42B up 19.86% YoY,0.0,Neutral
AES,$AES I have added a screenshot from TradingView with yesterday&#39;s option contract volume as proof.,2026-07-31 14:17:55+00:00,Neutre,$AES I have added a screenshot from TradingView with yesterday&#39;s option contract volume as proof.,0.0,Neutral
AES,$AES really big volume today on Jan 2027 Call options at 5.00 and 10.00 strikes. ~3.6M in contracts at 5.00 and ~1.2M at 10.00 traded today.,2026-07-30 22:11:29+00:00,Neutre,$AES really big volume today on Jan 2027 Call options at 5.00 and 10.00 strikes. ~3.6M in contracts at 5.00 and ~1.2M at 10.00 traded today.,-0.3612,Negative
AES,$AES  it don&#39;t matter it&#39;s not going over $ 15 due to the buyout or under $14,2026-07-23 08:42:59+00:00,Neutre,$AES it don&#39;t matter it&#39;s not going over $ 15 due to the buyout or under $14,0.0258,Neutral
AES,$AES  When is the next earnings report?,2026-07-14 15:43:32+00:00,Bullish,$AES When is the next earnings report?,0.0,Neutral
AES,"$FLNC  Finally someone that isn&#39;t paid to pump $EOSE! And is shows. Account has over 100k 
 
$TSLA $ETN $AES  
 
https://www.investingvisuals.io/ai-energy-industry-breakdown-and-investment-opportunities/",2026-07-13 14:56:24+00:00,Bullish,$FLNC Finally someone that isn&#39;t paid to pump $EOSE! And is shows. Account has over 100k $TSLA $ETN $AES,0.0,Neutral
AES,$AES,2026-07-09 18:08:59+00:00,Neutre,$AES,0.0,Neutral
AES,"$AES
Current Stock Price: $14.62
Contracts to trade: $14.5 AES Jul 10 2026 Call
Entry: $0.13
Exit: $0.18
ROI: 40%
Hold ~24 days

Shared as daily free alerts and for educational purposes only. https://dailypickai.com/freealerts",2026-07-09 01:46:07+00:00,Neutre,$AES Current Stock Price: $14.62 Contracts to trade: $14.5 AES Jul 10 2026 Call Entry: $0.13 Exit: $0.18 ROI: 40% Hold ~24 days Shared as daily free alerts and for educational purposes only.,0.6908,Positive
AES,$AES So what happens to shares that are held into the acquisition?,2026-07-08 14:27:32+00:00,Neutre,$AES So what happens to shares that are held into the acquisition?,0.296,Positive
AES,$AES added here lets go!,2026-07-06 13:41:57+00:00,Bullish,$AES added here lets go!,0.0,Neutral
AES,@StellA1918 Who the heck said $AES wants out? A Black Rock backed company agreed to buy them out. Do you think they agreed to buy them out becuase their investments suck. Sorry but no. They did it becuase they know clean energy and batteries (that can buy and sell energy) are the next gen money maker in energy.,2026-06-30 16:12:08+00:00,Bullish,Who the heck said $AES wants out? A Black Rock backed company agreed to buy them out. Do you think they agreed to buy them out becuase their investments suck. Sorry but no. They did it becuase they know clean energy and batteries (that can buy and sell energy) are the next gen money maker in energy.,0.7269,Positive
AES,$AES robbery. Leadership got bought and screwed the shareholders.,2026-06-28 03:15:41+00:00,Neutre,$AES robbery. Leadership got bought and screwed the shareholders.,-0.4939,Negative
AES,"$AES
Current Stock Price: $14.62
Contracts to trade: $14.5 AES Jun 26 2026 Call
Entry: $0.15
Exit: $0.29
ROI: 95%
Hold ~29 days

Shared as daily free alerts and for educational purposes only. https://dailypickai.com/freealerts",2026-06-25 19:24:10+00:00,Neutre,$AES Current Stock Price: $14.62 Contracts to trade: $14.5 AES Jun 26 2026 Call Entry: $0.15 Exit: $0.29 ROI: 95% Hold ~29 days Shared as daily free alerts and for educational purposes only.,0.6908,Positive
AES,"$AES You mean that’s when the voting results will be announced? 

I voted No…this deal is such a low ball rip off based off of the fact that before all their AI Energy contracts they were at $29 per share.  It should be worth more than that now that they have new contracts to generate even more revenue &amp; earnings.",2026-06-25 13:56:05+00:00,Neutre,$AES You mean that’s when the voting results will be announced? I voted No…this deal is such a low ball rip off based off of the fact that before all their AI Energy contracts they were at $29 per share. It should be worth more than that now that they have new contracts to generate even more revenue &amp; earnings.,0.4767,Positive
AES,$AES 25$ when 👀🫣👀✅🐉👍👏,2026-06-25 10:57:17+00:00,Bullish,$AES 25$ when 👀🫣👀✅🐉👍👏,0.0,Neutral
AES,$AES shareholder vote on the acquisition june 26th. maybe we’ll get a clearer picture on the closing date then.,2026-06-24 02:53:06+00:00,Neutre,$AES shareholder vote on the acquisition june 26th. maybe we’ll get a clearer picture on the closing date then.,0.0,Neutral
AES,$AES if blackrock just raise the bid higher and would easily get approved. Probably will anyway. But this could be worth more stand alone with new leaders that don’t sell out shareholders for a quick payday.,2026-06-23 18:41:36+00:00,Neutre,$AES if blackrock just raise the bid higher and would easily get approved. Probably will anyway. But this could be worth more stand alone with new leaders that don’t sell out shareholders for a quick payday.,0.2576,Positive
AES,$AES I’m accumulating mode —-,2026-06-22 21:12:46+00:00,Bullish,$AES I’m accumulating mode —-,0.0,Neutral
AES,"$AES calculate a buyout price on 2024 numbers and situations, yeah what could go wrong Gluski?",2026-06-13 08:26:48+00:00,Neutre,"$AES calculate a buyout price on 2024 numbers and situations, yeah what could go wrong Gluski?",-0.2263,Negative
AES,$AES provided supplemental merger disclosures and noted two shareholder lawsuits related to its pending merger with Horizon Parent.,2026-06-12 21:45:37+00:00,Neutre,$AES provided supplemental merger disclosures and noted two shareholder lawsuits related to its pending merger with Horizon Parent.,-0.1531,Negative
AES,$AES fails,2026-06-12 20:02:42+00:00,Bearish,$AES fails,-0.4215,Negative
AES,Current Report: The AES Corporation May Gain About 9% This Year $AES https://talkmarkets.com/article/current-report-the-aes-corporation-may-gain-about-9-this-year-1780930018,2026-06-08 14:50:15+00:00,Neutre,Current Report: The AES Corporation May Gain About 9% This Year $AES,0.5267,Positive
AES,$AES my suggestion to the board since screwing us with $15 bags 🎒 they should increase divvy&#39;s.  $$,2026-06-08 03:27:56+00:00,Neutre,$AES my suggestion to the board since screwing us with $15 bags 🎒 they should increase divvy&#39;s. $$,0.1027,Positive
AES,$AES started a position today.,2026-06-05 23:43:13+00:00,Bullish,$AES started a position today.,0.0,Neutral
AES,$AES Whats up with this company? My model picked it as the highest likely safe bet at 5.3% of my portfolio. It has it as a 252 day 90% gain.,2026-06-03 17:25:23+00:00,Bullish,$AES Whats up with this company? My model picked it as the highest likely safe bet at 5.3% of my portfolio. It has it as a 252 day 90% gain.,0.743,Positive
AFL,"$AFL
Price: $116.07 (-0.09%)
Trend: Bullish
Market Bias (7D): Bullish Bias 📈
Expected Range: ±1.31%
RSI: 18.6 | Momentum: Moderate
Volume: -38.9% vs avg
Volatility: 1.28%
Support: $115.82 | Resistance: $129.57

Data and analytics sourced from Thescanner educational research https://www.thescanner.ai",2026-08-21 20:48:51+00:00,Neutre,$AFL Price: $116.07 (-0.09%) Trend: Bullish Market Bias (7D): Bullish Bias 📈 Expected Range: ±1.31% RSI: 18.6 | Momentum: Moderate Volume: -38.9% vs avg Volatility: 1.28% Support: $115.82 | Resistance: $129.57 Data and analytics sourced from Thescanner educational research,0.2263,Positive
AFL,"$AFL Wolfe Research Underperform initiation sends Aflac shares down over 4% 
Wolfe Research started coverage with Underperform rating and $103 PT, citing ~15% downside from ~$120 levels. Analyst highlighted decelerating Japan third-sector sales failing to offset shrinking in-force book. 
Noted EPS growth overly dependent on share repurchases rather than organic earnings growth. 
Move coincides with ex-dividend date for $0.61 quarterly dividend (record date Aug 19), adding mechanical pressure. Builds on Q2 2026 results (Aug 6) showing slight EPS miss, revenue decline, and yen/currency headwinds in Japan.",2026-08-21 09:52:04+00:00,Neutre,"$AFL Wolfe Research Underperform initiation sends Aflac shares down over 4% Wolfe Research started coverage with Underperform rating and $103 PT, citing ~15% downside from ~$120 levels. Analyst highlighted decelerating Japan third-sector sales failing to offset shrinking in-force book. Noted EPS growth overly dependent on share repurchases rather than organic earnings growth. Move coincides with ex-dividend date for $0.61 quarterly dividend (record date Aug 19), adding mechanical pressure. Builds on Q2 2026 results (Aug 6) showing slight EPS miss, revenue decline, and yen/currency headwinds in Japan.",0.128,Positive
AFL,"WED 8/19: $AFL – CALLING A FINAL SELL SIGNAL @ $119.84 -2.6% 
 
10:11 AM – The stock is gapping down this morning and breaking below our previously noted ROUND-$120 support on increased volume. The combination of a gap lower, loss of support, and expanding selling volume represents multiple bearish technical violations. Calling a 2ND yet FINAL SELL SIGNAL here and to close out coverage on this selection. 
 
ULTRA Trader’s Tip: Multiple Violations Strengthen the Signal 
  • A gap lower immediately shows increased selling pressure. 
  • Breaking a previously identified support level adds another bearish technical violation. 
  • When weakness is accompanied by increased volume, the evidence becomes even stronger—respect the signal and move on. 
https://buyingbreakouts.com/wed-8-19-afl-calling-a-final-sell-signal-119-84-2-6/",2026-08-20 03:25:09+00:00,Neutre,"WED 8/19: $AFL – CALLING A FINAL SELL SIGNAL @ $119.84 -2.6% 10:11 AM – The stock is gapping down this morning and breaking below our previously noted ROUND-$120 support on increased volume. The combination of a gap lower, loss of support, and expanding selling volume represents multiple bearish technical violations. Calling a 2ND yet FINAL SELL SIGNAL here and to close out coverage on this selection. ULTRA Trader’s Tip: Multiple Violations Strengthen the Signal • A gap lower immediately shows increased selling pressure. • Breaking a previously identified support level adds another bearish technical violation. • When weakness is accompanied by increased volume, the evidence becomes even stronger—respect the signal and move on.",-0.7184,Negative
AFL,"Wall St is expecting 1.80 EPS for $AFL Q3 [Reporting 11/04 AMC]
http://www.estimize.com/intro/afl?chart=historical&amp;metric_name=eps&amp;utm_cont",2026-08-19 12:15:23+00:00,Neutre,Wall St is expecting 1.80 EPS for $AFL Q3 [Reporting 11/04 AMC],0.0,Neutral
AFL,"$AFL | Aflac Inc | Financials 🦆 
 
Smart money is quietly pressing $AFL as price tightens right above primary volume profile support! 💥 Consistent buyer response off the $121.47 demand sweep confirms high-conviction institutional backing ⚡ 
 
Profitability &amp; Fundamentals: Leading insurance giant leveraging robust cash flows and $3.3B in unencumbered liquidity to drive share value. 
 
Technicals: 8h timeframe displays a bullish outside day base structure holding firm above primary moving average support 📊 Stochastic RSI is turning upward off oversold levels. Holding $121.40 maintains the reversal base. 
 
Bull Key Levels: $122.90 🐂 🔥 | Confirm: $124.70 🐂 📈 | Extension: $128.00 🐂 🚀 
 
Bear Key Levels: $121.40 🐻 ⚠️ | Confirm: $116.10 🐻 🚨 | Extension: $110.10 🐻 📉 
 
Stop Loss: $120.50 🛑 
 
Targets: $128.00 / $132.00 💰 🍺 
 
OVERALL: 🐂 BULLISH 🐂 
 
#AFL #optionsflow #stockmarket #technicalanalysis #swingtrading #hovdid",2026-08-15 23:22:58+00:00,Bullish,$AFL | Aflac Inc | Financials 🦆 Smart money is quietly pressing $AFL as price tightens right above primary volume profile support! 💥 Consistent buyer response off the $121.47 demand sweep confirms high-conviction institutional backing ⚡ Profitability &amp; Fundamentals: Leading insurance giant leveraging robust cash flows and $3.3B in unencumbered liquidity to drive share value. Technicals: 8h timeframe displays a bullish outside day base structure holding firm above primary moving average support 📊 Stochastic RSI is turning upward off oversold levels. Holding $121.40 maintains the reversal base. Bull Key Levels: $122.90 🐂 🔥 | Confirm: $124.70 🐂 📈 | Extension: $128.00 🐂 🚀 Bear Key Levels: $121.40 🐻 ⚠️ | Confirm: $116.10 🐻 🚨 | Extension: $110.10 🐻 📉 Stop Loss: $120.50 🛑 Targets: $128.00 / $132.00 💰 🍺 OVERALL: 🐂 BULLISH 🐂 #AFL #optionsflow #stockmarket #technicalanalysis #swingtrading #hovdid,0.8908,Positive
AFL,$MET $AFL,2026-08-14 01:11:57+00:00,Bullish,$MET $AFL,0.0,Neutral
AFL,$AFL  catching my eye.  Note stochastic at low levels. Will it  bull cross? No one knows have to see it first.  (I have a trading pal who uses stochs. I put it on the chart for him)   A hold back over the 50ma and recent highs and it might be worth a shot.  Trade your plan/style/chart not my noise,2026-08-13 17:03:25+00:00,Bullish,$AFL catching my eye. Note stochastic at low levels. Will it bull cross? No one knows have to see it first. (I have a trading pal who uses stochs. I put it on the chart for him) A hold back over the 50ma and recent highs and it might be worth a shot. Trade your plan/style/chart not my noise,-0.34,Negative
AFL,"$AFL — TS Update #2 at 120.35 has now been triggered. 
 
The position is closed after the stock advanced to nearly $130. 
 
We gave the trend room while structure held. Once it reached our trailing stop, the decision had already been made. 
 
Trade complete. Structure first. Risk always. 
 
For educational purposes only.",2026-08-12 23:34:58+00:00,Neutre,"$AFL — TS Update #2 at 120.35 has now been triggered. The position is closed after the stock advanced to nearly $130. We gave the trend room while structure held. Once it reached our trailing stop, the decision had already been made. Trade complete. Structure first. Risk always. For educational purposes only.",-0.2263,Negative
AFL,"$AFL  
Jefferies raises target price to $112 from $108 
Mizuho raises target price to $116 from $112 
Piper Sandler raises target price to $138 from $130",2026-08-10 17:18:42+00:00,Neutre,$AFL Jefferies raises target price to $112 from $108 Mizuho raises target price to $116 from $112 Piper Sandler raises target price to $138 from $130,0.0,Neutral
AFL,$AFL buyable dip in a low volatility grind higher,2026-08-07 10:27:32+00:00,Bullish,$AFL buyable dip in a low volatility grind higher,-0.2732,Negative
AFL,"$AFL Q2 &#39;26 Earnings Results &amp; Recap

• Reported GAAP EPS of $1.64 up 46.43% YoY
• Reported revenue of $4.12B down -1.03% YoY",2026-08-06 20:25:00+00:00,Neutre,$AFL Q2 &#39;26 Earnings Results &amp; Recap • Reported GAAP EPS of $1.64 up 46.43% YoY • Reported revenue of $4.12B down -1.03% YoY,0.0,Neutral
AFL,$AFL Buckle up — earnings after the close today.,2026-08-06 19:14:53+00:00,Neutre,$AFL Buckle up — earnings after the close today.,0.0,Neutral
AFL,$AFL ITS ABOUT TIME FOR A STOCK SPLIT.,2026-08-06 17:10:01+00:00,Neutre,$AFL ITS ABOUT TIME FOR A STOCK SPLIT.,0.0,Neutral
AFL,"$AFL reports after the close, Estimize Consensus +0.04 EPS and +144.46M Revs compared to WS
http://www.estimize.com/afl/fq2-2026?utm_conten",2026-08-06 15:01:07+00:00,Neutre,"$AFL reports after the close, Estimize Consensus +0.04 EPS and +144.46M Revs compared to WS",0.0,Neutral
AFL,"$AMBC 3 Companies to beat the markets? 
$AIG $AFL $OSG 
https://finance.yahoo.com/markets/stocks/articles/3-insurance-stocks-insure-q2-170100893.html 
 
During this evening&#39;s report, you will see that Everspan is growing; they have just hired three new directors. 
 
Furthermore, you will see that, alongside ALCORE and ARMADA, the other subsidiaries are now also beginning to grow beyond the break-even point. 
 
https://finance.yahoo.com/small-business/articles/everspan-group-expands-leadership-team-123000015.html",2026-08-06 06:14:58+00:00,Neutre,"$AMBC 3 Companies to beat the markets? $AIG $AFL $OSG During this evening&#39;s report, you will see that Everspan is growing; they have just hired three new directors. Furthermore, you will see that, alongside ALCORE and ARMADA, the other subsidiaries are now also beginning to grow beyond the break-even point.",0.1779,Positive
AFL,#AFL All out - no position - will get back in at lower key levels. Direction remains good. I just need to allocate the funds elsewhere in some fast moving names than this Turd !!   $AFL,2026-08-05 18:42:47+00:00,Neutre,#AFL All out - no position - will get back in at lower key levels. Direction remains good. I just need to allocate the funds elsewhere in some fast moving names than this Turd !! $AFL,-0.2695,Negative
AFL,"$GWW $APD $MPWR $AFL $RSG Grainger benefits from industrial distribution, Air Products leads industrial gases, Monolithic Power Systems rides AI chip demand, Aflac generates reliable insurance cash flow, and Republic Services benefits from waste management.",2026-08-05 05:27:23+00:00,Neutre,"$GWW $APD $MPWR $AFL $RSG Grainger benefits from industrial distribution, Air Products leads industrial gases, Monolithic Power Systems rides AI chip demand, Aflac generates reliable insurance cash flow, and Republic Services benefits from waste management.",0.2263,Positive
AFL,"$GWW $APD $MPWR $AFL $RSG Grainger benefits from industrial distribution, Air Products leads industrial gases, Monolithic Power Systems rides AI chip demand, Aflac generates reliable insurance cash flow, and Republic Services benefits from waste management.",2026-08-03 14:42:54+00:00,Neutre,"$GWW $APD $MPWR $AFL $RSG Grainger benefits from industrial distribution, Air Products leads industrial gases, Monolithic Power Systems rides AI chip demand, Aflac generates reliable insurance cash flow, and Republic Services benefits from waste management.",0.2263,Positive
AFL,"$AFL continues to follow through after the breakout. 
 
The position remains active, with the trailing stop now raised to 120.35 as price closed at 128.67. 
 
The goal isn’t to predict the top—it’s to protect part of the open gain while giving a strong trend enough room to continue. 
 
Structure first. Risk always. 
 
For educational purposes only.",2026-07-29 23:01:30+00:00,Neutre,"$AFL continues to follow through after the breakout. The position remains active, with the trailing stop now raised to 120.35 as price closed at 128.67. The goal isn’t to predict the top—it’s to protect part of the open gain while giving a strong trend enough room to continue. Structure first. Risk always. For educational purposes only.",0.8779,Positive
AFL,$AFL Ew,2026-07-29 19:11:10+00:00,Bullish,$AFL Ew,0.0,Neutral
AFL,$AFL printed a new 52-week high today,2026-07-29 18:01:37+00:00,Neutre,$AFL printed a new 52-week high today,0.0,Neutral
AFL,"$AFL follow-up: 
The yellow arrow marks when the Elite position was activated ahead of the breakout. On June 30, the trailing stop was raised to $116.90. 
 
Price has since cleared the $120.18 breakout trigger and continued building higher. Next reference: $128.64. 
 
Risk defined. Breakout confirmed. Now let the trend work.",2026-07-27 11:47:50+00:00,Neutre,"$AFL follow-up: The yellow arrow marks when the Elite position was activated ahead of the breakout. On June 30, the trailing stop was raised to $116.90. Price has since cleared the $120.18 breakout trigger and continued building higher. Next reference: $128.64. Risk defined. Breakout confirmed. Now let the trend work.",-0.4404,Negative
AFL,$AFL  AFL,2026-07-26 21:38:07+00:00,Neutre,$AFL AFL,0.0,Neutral
AFL,"While tech takes a breather and $QQQ stays choppy, sector rotation is where the real money is at.  
 
Called $AFL,$CVS, and $JPM early before the crowd caught on  $JPM still pushing higher today. Value &amp; financials are quietly carrying. 
 
What sector are you holding through this market shift? Drop your top pick below!",2026-07-24 15:40:52+00:00,Neutre,"While tech takes a breather and $QQQ stays choppy, sector rotation is where the real money is at. Called $AFL,$CVS, and $JPM early before the crowd caught on $JPM still pushing higher today. Value &amp; financials are quietly carrying. What sector are you holding through this market shift? Drop your top pick below!",0.3382,Positive
AFL,$AFL Interesting box here...buy and repeat until a breakout if you want to park money at the lower box and just keep it there until a rainy day.  Not bad.,2026-07-22 00:47:39+00:00,Neutre,$AFL Interesting box here...buy and repeat until a breakout if you want to park money at the lower box and just keep it there until a rainy day. Not bad.,0.5187,Positive
AFL,$KIE josh brown ur late $CB $TRV $AFL,2026-07-21 16:47:21+00:00,Neutre,$KIE josh brown ur late $CB $TRV $AFL,0.0,Neutral
AFL,$AFL acting like a takeover target,2026-07-20 00:32:13+00:00,Neutre,$AFL acting like a takeover target,0.3612,Positive
AFL,"Dragonfly Capital - 5 Trade Ideas for Monday: Aflac, Five Below, Jazz Pharma, Murphy USA and Prudential $AFL $FIVE $JAZZ $MUSA $PRU https://dragonflycap.com/5-trade-ideas-for-monday-aflac-five-below-jazz-pharma-murphy-usa-and-prudential/",2026-07-19 15:41:54+00:00,Neutre,"Dragonfly Capital - 5 Trade Ideas for Monday: Aflac, Five Below, Jazz Pharma, Murphy USA and Prudential $AFL $FIVE $JAZZ $MUSA $PRU",0.0,Neutral
AFL,$AFL afl,2026-07-18 22:40:58+00:00,Neutre,$AFL afl,0.0,Neutral
AFL,$AFL  trimmed ...,2026-07-17 14:03:03+00:00,Neutre,$AFL trimmed ...,0.0,Neutral
A,$A printed a new 52-week high today,2026-08-21 18:31:21+00:00,Neutre,$A printed a new 52-week high today,0.0,Neutral
A,"$SPPI $SPY $AAPL $A 
$MSFT 480P 8/21 @0.14",2026-08-21 16:12:39+00:00,Neutre,$SPPI $SPY $AAPL $A $MSFT 480P 8/21 .14,0.0,Neutral
A,"After Hours Losers 
 
1. $JZ -29.22% 
2. $FLUX.X -19.62% 
3. $YOUL -13.89% 
4. $OSIS -13.79% 
5. $A -13.32%",2026-08-20 21:59:13+00:00,Neutre,After Hours Losers 1. $JZ -29.22% 2. $FLUX.X -19.62% 3. $YOUL -13.89% 4. $OSIS -13.79% 5. $A -13.32%,-0.5267,Negative
A,"$SYY $NTRA $A $ESLT $HMC Sysco leads food distribution, Natera dominates genetic testing, Agilent Technologies benefits from life science demand, Elbit Systems gains from defense spending, and Honda continues advancing hybrid and EV technologies.",2026-08-05 06:46:40+00:00,Neutre,"$SYY $NTRA $A $ESLT $HMC Sysco leads food distribution, Natera dominates genetic testing, Agilent Technologies benefits from life science demand, Elbit Systems gains from defense spending, and Honda continues advancing hybrid and EV technologies.",0.6369,Positive
A,"$WDAY $ED $IBKR $TEVA $A Workday leads enterprise software, Consolidated Edison provides stable utility income, Interactive Brokers benefits from trading activity, Teva continues restructuring, and Agilent Technologies leads life science instrumentation.",2026-08-03 14:45:39+00:00,Neutre,"$WDAY $ED $IBKR $TEVA $A Workday leads enterprise software, Consolidated Edison provides stable utility income, Interactive Brokers benefits from trading activity, Teva continues restructuring, and Agilent Technologies leads life science instrumentation.",0.5859,Positive
A,"Wall St is expecting 1.49 EPS for $A Q3 [Reporting 08/26 AMC]
http://www.estimize.com/intro/a?chart=historical&amp;metric_name=eps&amp;utm_content=",2026-08-03 14:12:31+00:00,Neutre,Wall St is expecting 1.49 EPS for $A Q3 [Reporting 08/26 AMC],0.0,Neutral
A,"$SLS Look at this SHORT IDIOT TOOL - Stuck its MEAT into the GRINDER... 
 
Dr. Tsirigotis KNOWS --- He absolutely Knows -- treats more REGAL P3 Patients than any other clinician and Stated on the Record - &quot;MOS for patients on BAT is extremely poor, just 5 -7 months&quot; and 
 
&quot; I STRONGLY Believe Gps will Reach the Primary Endpoint...&quot; 
 
So Many Idiot short tools / retail traders too, getting FLEECED... 
 
$ABBV $A",2026-07-28 16:23:20+00:00,Neutre,"$SLS Look at this SHORT IDIOT TOOL - Stuck its MEAT into the GRINDER... Dr. Tsirigotis KNOWS --- He absolutely Knows -- treats more REGAL P3 Patients than any other clinician and Stated on the Record - &quot;MOS for patients on BAT is extremely poor, just 5 -7 months&quot; and &quot; I STRONGLY Believe Gps will Reach the Primary Endpoint...&quot; So Many Idiot short tools / retail traders too, getting FLEECED... $ABBV $A",-0.8771,Negative
A,"$A Agilent Receives EU Approval for PD-L1 IHC 22C3 pharmDx in Epithelial Ovarian, Fallopian Tube, or Primary Peritoneal Carcinoma 
 
https://marketwirenews.com/stock/a/news/agilent-receives-eu-approval-for-pd-l1-ihc-22c3-phar-5150562317732921.html?utm_source=stocktwits",2026-07-23 14:00:43+00:00,Neutre,"$A Agilent Receives EU Approval for PD-L1 IHC 22C3 pharmDx in Epithelial Ovarian, Fallopian Tube, or Primary Peritoneal Carcinoma",0.4767,Positive
A,"$A Gilead to Present New HIV Research at AIDS 2026 Across Prevention, Treatment and Cure 
 
https://marketwirenews.com/stock/a/news/gilead-to-present-new-hiv-research-at-aids-2026-acro-5182713870505921.html?utm_source=stocktwits",2026-07-21 15:00:41+00:00,Neutre,"$A Gilead to Present New HIV Research at AIDS 2026 Across Prevention, Treatment and Cure",0.0,Neutral
A,"$A Lira Clinical Announces New REGEN Line - A First-of-Its-Kind Breakthrough in Regenerative Skincare  
 
https://marketwirenews.com/stock/a/news/lira-clinical-announces-new-regen-line-a-first-of-it-6694639445227332.html?utm_source=stocktwits",2026-07-14 22:00:37+00:00,Neutre,$A Lira Clinical Announces New REGEN Line - A First-of-Its-Kind Breakthrough in Regenerative Skincare,0.0,Neutral
A,"$A Quebec&#39;s Real Estate Market Gradually Rebalances in the Second Quarter 
 
https://marketwirenews.com/stock/a/news/quebec-s-real-estate-market-gradually-rebalances-in--6866626285772635.html?utm_source=stocktwits",2026-07-14 19:00:35+00:00,Neutre,$A Quebec&#39;s Real Estate Market Gradually Rebalances in the Second Quarter,0.0,Neutral
A,"$A Agilent Receives FDA Approval for PD-L1 IHC 28-8 pharmDx in Esophageal Squamous Cell Carcinoma (ESCC), Gastric, Gastroesophageal Junction (GEJ), and Esophageal Adenocarcinoma 
 
https://marketwirenews.com/stock/a/news/agilent-receives-fda-approval-for-pd-l1-ihc-28-8-pha-8339272714637069.html?utm_source=stocktwits",2026-07-14 18:30:36+00:00,Neutre,"$A Agilent Receives FDA Approval for PD-L1 IHC 28-8 pharmDx in Esophageal Squamous Cell Carcinoma (ESCC), Gastric, Gastroesophageal Junction (GEJ), and Esophageal Adenocarcinoma",0.4767,Positive
A,$A Jefferies has altered their rating of &quot;Hold&quot; and target of &quot;$135&quot; see consensus outlook,2026-07-10 14:22:28+00:00,Neutre,$A Jefferies has altered their rating of &quot;Hold&quot; and target of &quot;$135&quot; see consensus outlook,0.0,Neutral
A,Reversal Bullish Today: $MMM $A $DOV $INTU,2026-07-07 05:51:35+00:00,Neutre,Reversal Bullish Today: $MMM $A $DOV $INTU,0.0,Neutral
A,"$GDC As of today (July 2026), there are exactly two public companies with Bitcoin treasuries reported at precisely 7,500 BTC: ￼

•  American Bitcoin Corp  $A B TC — ~7,500 BTC (ranks around #16 on major trackers).

•  GD Culture Group ($GDC) — 7,500 BTC (ranks right behind or alongside ABTC).

Key Context from Trackers

Major sources like http://BitcoinTreasuries.net, CoinGecko, and others consistently list only these two at that exact round number. No other public companies (or prominent private/government entities) are currently reported with precisely 7,500 BTC. ￼

Look at the difference in Market Caps 👇 🤷🏻‍♂️",2026-07-05 14:20:22+00:00,Bullish,"$GDC As of today (July 2026), there are exactly two public companies with Bitcoin treasuries reported at precisely 7,500 BTC: ￼ • American Bitcoin Corp $A B TC — ~7,500 BTC (ranks around #16 on major trackers). • GD Culture Group ($GDC) — 7,500 BTC (ranks right behind or alongside ABTC). Key Context from Trackers Major sources like CoinGecko, and others consistently list only these two at that exact round number. No other public companies (or prominent private/government entities) are currently reported with precisely 7,500 BTC. ￼ Look at the difference in Market Caps 👇 🤷🏻‍♂️",0.5859,Positive
A,"$ADTX  $A/ S 10B  
 
https://www.sec.gov/Archives/edgar/data/1641398/000121390025089638/ea0258126-pre14c_gdculture.htm",2026-07-04 03:26:12+00:00,Neutre,$ADTX $A/ S 10B,0.0,Neutral
A,"$A
Share Price: $133.35

Contract Selected: Nov 20, 2026 $135 Calls

Buy Zone: $10.58 – $13.07
Target Zone: $17.56 – $21.46
Potential Upside: 57% ROI

Time to Expiration: 140 Days | Updates via https://fxcapta.com/stockinfo/",2026-07-02 09:45:50+00:00,Neutre,"$A Share Price: $133.35 Contract Selected: Nov 20, 2026 $135 Calls Buy Zone: $10.58 – $13.07 Target Zone: $17.56 – $21.46 Potential Upside: 57% ROI Time to Expiration: 140 Days | Updates via",0.296,Positive
A,$A Bernstein has altered their rating of &quot;Outperform&quot; and target of &quot;$155&quot; see consensus outlook,2026-06-30 02:28:38+00:00,Neutre,$A Bernstein has altered their rating of &quot;Outperform&quot; and target of &quot;$155&quot; see consensus outlook,0.0,Neutral
A,"$SKM 🇰🇷 SK Telecom owns ~0.3% of Anthropic, bought early. L
Here&#39;s what that 0.3% slice would be worth at different Anthropic valuations, and how big it looms next to SKT&#39;s own ~$14B market cap:
$1.0T → $3.0B (~21% of SKT)
$1.5T → $4.5B (~32%)
$2.0T → $6.0B (~43%)
$2.5T → $7.5B (~54%)
So at a $2.5T Anthropic, the stake alone ≈ half of SKT&#39;s entire value. A pre-IPO backdoor into Anthropic.

$A  £maaft7h;",2026-06-28 13:13:14+00:00,Neutre,"$SKM 🇰🇷 SK Telecom owns ~0.3% of Anthropic, bought early. L Here&#39;s what that 0.3% slice would be worth at different Anthropic valuations, and how big it looms next to SKT&#39;s own ~$14B market cap: $1.0T → $3.0B (~21% of SKT) $1.5T → $4.5B (~32%) $2.0T → $6.0B (~43%) $2.5T → $7.5B (~54%) So at a $2.5T Anthropic, the stake alone ≈ half of SKT&#39;s entire value. A pre-IPO backdoor into Anthropic. $A £maaft7h;",0.1779,Positive
A,"$A in the strong medtech space.  Note the OBV indicator, how strong it is here with price still pretty muted.  (just added this to the mix).",2026-06-25 19:48:42+00:00,Neutre,"$A in the strong medtech space. Note the OBV indicator, how strong it is here with price still pretty muted. (just added this to the mix).",0.8689,Positive
A,"$A vivk stock 40 cents share. About to pop 
News today 420 million renvue contact for oil. 
Current mirco cap 1.6 million. 
Almost 400% mirco cap.   
How many stocks have a deal 400 times micro cap? Just in one yearly deal? Cheap shares won&#39;t last long. Think about it 400 times micro cap in renvue",2026-06-25 16:39:51+00:00,Neutre,$A vivk stock 40 cents share. About to pop News today 420 million renvue contact for oil. Current mirco cap 1.6 million. Almost 400% mirco cap. How many stocks have a deal 400 times micro cap? Just in one yearly deal? Cheap shares won&#39;t last long. Think about it 400 times micro cap in renvue,0.5803,Positive
A,"6x potential 🔥🚨

$A 140 CALL 7/17 avg 1.50🚨",2026-06-24 14:34:31+00:00,Neutre,6x potential 🔥🚨 $A 140 CALL 7/17 avg 1.50🚨,0.0,Neutral
A,"$A
Share Price: $126.70

Contract Selected: Nov 20, 2026 $125 Calls

Buy Zone: $10.12 – $12.50
Target Zone: $19.18 – $23.44
Potential Upside: 79% ROI

Time to Expiration: 149 Days | Updates via https://fxcapta.com/stockinfo/",2026-06-24 00:25:51+00:00,Neutre,"$A Share Price: $126.70 Contract Selected: Nov 20, 2026 $125 Calls Buy Zone: $10.12 – $12.50 Target Zone: $19.18 – $23.44 Potential Upside: 79% ROI Time to Expiration: 149 Days | Updates via",0.296,Positive
A,"$A
Current Stock Price: $126.70
Contracts to trade: $125.0 A Jul 17 2026 Call
Entry: $4.60
Exit: $7.12
ROI: 55%
Hold ~24 days

Shared as daily free alerts and for educational purposes only. https://dailypickai.com/freealerts",2026-06-23 23:05:20+00:00,Neutre,$A Current Stock Price: $126.70 Contracts to trade: $125.0 A Jul 17 2026 Call Entry: $4.60 Exit: $7.12 ROI: 55% Hold ~24 days Shared as daily free alerts and for educational purposes only.,0.6908,Positive
A,$A Bullish Harami Candlestick Pattern Formed at Downtrend,2026-06-20 09:45:21+00:00,Bullish,$A Bullish Harami Candlestick Pattern Formed at Downtrend,0.0,Neutral
A,"$AUR Premium Heatmap &amp; Key Strikes 
 
Last: $A  
Key Levels to Watch: 
  Resistance: $6.29 ($35.3M) | $6.39 ($37.6M) 
  Support: $6.25 ($53.3M) | $6.21 ($29.3M) | $6.14 ($62.6M) 
 
Stay informed with our daily market updates - follow for the latest insights 
#AUR #Options #Trading #GEX #GammaExposure",2026-06-19 15:32:47+00:00,Neutre,$AUR Premium Heatmap &amp; Key Strikes Last: $A Key Levels to Watch: Resistance: $6.29 ($35.3M) | $6.39 ($37.6M) Support: $6.25 ($53.3M) | $6.21 ($29.3M) | $6.14 ($62.6M) Stay informed with our daily market updates - follow for the latest insights #AUR #Options #Trading #GEX #GammaExposure,0.0516,Positive
A,$SPY $A friend of mine said $META $605 close,2026-06-17 18:45:16+00:00,Neutre,$SPY $A friend of mine said $META $605 close,0.4939,Positive
A,"$AMD $AMDL  $AMD 
$A 

I JUST LOADED UP

LOOK OUT",2026-06-11 17:28:54+00:00,Bullish,$AMD $AMDL $AMD $A I JUST LOADED UP LOOK OUT,0.0,Neutral
A,"$A Great piece that accurately captures A&#39;s current position. So if you want to refresh your understanding of A or learn about A for the first time, this is essential reading. https://everyticker.com/quote/A/analysis/ignite-driven-margin-expansion-meets-installed-base-moats-at-agilent-technologies-nyse-a",2026-06-09 17:16:28+00:00,Neutre,"$A Great piece that accurately captures A&#39;s current position. So if you want to refresh your understanding of A or learn about A for the first time, this is essential reading.",0.6872,Positive
A,$A holding tough,2026-06-05 17:38:25+00:00,Neutre,$A holding tough,-0.128,Negative
